t,dt,desired_v,left,right,distance,state
0.000,0.000,0.40,1.00,1.00,1.00,Run
0.025,0.025,0.41,-0.17,-0.17,1.00,Run
0.049,0.024,0.42,0.47,0.47,1.00,Run
0.070,0.021,0.43,0.10,0.10,1.00,Run
0.095,0.025,0.44,0.33,0.33,1.00,Run
0.120,0.025,0.45,0.21,0.21,1.00,Run
0.140,0.020,0.45,0.28,0.28,1.00,Run
0.165,0.025,0.46,0.25,0.25,1.00,Run
0.188,0.023,0.47,0.27,0.27,1.00,Run
0.209,0.020,0.48,0.26,0.26,1.00,Run
0.234,0.025,0.49,0.28,0.28,1.00,Run
0.259,0.025,0.50,0.28,0.28,1.00,Run
0.281,0.022,0.50,0.29,0.29,1.00,Run
0.303,0.022,0.51,0.29,0.29,1.00,Run
0.328,0.025,0.52,0.30,0.30,1.00,Run
0.350,0.022,0.53,0.30,0.30,1.00,Run
0.375,0.025,0.54,0.31,0.31,1.00,Run
0.400,0.025,0.54,0.31,0.31,1.00,Run
0.425,0.025,0.55,0.32,0.32,1.00,Run
0.450,0.025,0.56,0.32,0.32,1.00,Run
0.472,0.022,0.57,0.33,0.33,1.00,Run
0.493,0.021,0.57,0.33,0.33,1.00,Run
0.518,0.025,0.58,0.34,0.34,1.00,Run
0.539,0.020,0.59,0.34,0.34,1.00,Run
0.564,0.025,0.60,0.35,0.35,1.00,Run
0.586,0.022,0.60,0.35,0.35,1.00,Run
0.611,0.025,0.61,0.36,0.36,1.00,Run
0.632,0.021,0.61,0.36,0.36,1.00,Run
0.655,0.024,0.62,0.37,0.37,1.00,Run
0.679,0.024,0.63,0.37,0.37,1.00,Run
0.703,0.024,0.63,0.37,0.37,1.00,Run
0.728,0.025,0.64,0.38,0.38,1.00,Run
0.749,0.021,0.64,0.38,0.38,1.00,Run
0.769,0.020,0.65,0.38,0.38,1.00,Run
0.793,0.024,0.65,0.39,0.39,1.00,Run
0.818,0.025,0.66,0.39,0.39,1.00,Run
0.839,0.021,0.66,0.39,0.39,1.00,Run
0.860,0.021,0.66,0.40,0.40,1.00,Run
0.882,0.023,0.67,0.40,0.40,1.00,Run
0.907,0.025,0.67,0.41,0.41,1.00,Run
0.929,0.021,0.68,0.41,0.41,1.00,Run
0.950,0.021,0.68,0.41,0.41,1.00,Run
0.975,0.025,0.68,0.41,0.41,1.00,Run
1.000,0.025,0.69,0.42,0.42,1.00,Run
1.022,0.022,0.69,0.42,0.42,1.00,Run
1.044,0.022,0.69,0.42,0.42,1.00,Run
1.069,0.025,0.69,0.42,0.42,1.00,Run
1.094,0.025,0.69,0.43,0.43,1.00,Run
1.114,0.021,0.70,0.43,0.43,1.00,Run
1.139,0.024,0.70,0.43,0.43,1.00,Run
1.164,0.025,0.70,0.43,0.43,1.00,Run
1.184,0.020,0.70,0.43,0.43,1.00,Run
1.208,0.023,0.70,0.43,0.43,1.00,Run
1.233,0.025,0.70,0.44,0.44,1.00,Run
1.258,0.025,0.70,0.44,0.44,1.00,Run
1.280,0.022,0.70,0.44,0.44,1.00,Run
1.304,0.024,0.70,0.44,0.44,1.00,Run
1.328,0.024,0.70,0.44,0.44,1.00,Run
1.349,0.021,0.70,0.44,0.44,1.00,Run
1.374,0.025,0.70,0.44,0.44,1.00,Run
1.398,0.024,0.69,0.44,0.44,1.00,Run
1.423,0.025,0.69,0.44,0.44,1.00,Run
1.448,0.025,0.69,0.44,0.44,1.00,Run
1.469,0.021,0.69,0.44,0.44,1.00,Run
1.494,0.025,0.69,0.44,0.44,1.00,Run
1.521,0.026,0.68,0.44,0.44,1.00,Run
1.546,0.025,0.68,0.44,0.44,1.00,Run
1.569,0.024,0.68,0.44,0.44,1.00,Run
1.589,0.020,0.67,0.44,0.44,1.00,Run
1.610,0.021,0.67,0.44,0.44,1.00,Run
1.631,0.021,0.67,0.44,0.44,1.00,Run
1.651,0.020,0.66,0.43,0.43,1.00,Run
1.677,0.025,0.66,0.43,0.43,1.00,Run
1.702,0.025,0.65,0.43,0.43,1.00,Run
1.727,0.025,0.65,0.43,0.43,1.00,Run
1.752,0.025,0.64,0.43,0.43,1.00,Run
1.777,0.025,0.64,0.43,0.43,1.00,Run
1.799,0.022,0.63,0.42,0.42,1.00,Run
1.824,0.025,0.63,0.42,0.42,1.00,Run
1.849,0.025,0.62,0.42,0.42,1.00,Run
1.871,0.022,0.61,0.42,0.42,1.00,Run
1.896,0.025,0.61,0.41,0.41,1.00,Run
1.921,0.025,0.60,0.41,0.41,1.00,Run
1.946,0.025,0.59,0.41,0.41,1.00,Run
1.970,0.024,0.59,0.41,0.41,1.00,Run
1.991,0.020,0.58,0.40,0.40,1.00,Run
2.014,0.023,0.57,0.40,0.40,1.00,Run
2.039,0.025,0.56,0.40,0.40,0.99,Run
2.064,0.025,0.56,0.39,0.39,0.99,Run
2.089,0.025,0.55,0.39,0.39,0.98,Run
2.113,0.024,0.54,0.39,0.39,0.97,Run
2.138,0.025,0.53,0.38,0.38,0.97,Run
2.163,0.025,0.52,0.38,0.38,0.96,Run
2.188,0.025,0.51,0.38,0.38,0.96,Run
2.210,0.022,0.51,0.37,0.37,0.95,Run
2.236,0.025,0.50,0.37,0.37,0.95,Run
2.258,0.023,0.49,0.37,0.37,0.94,Run
2.283,0.025,0.48,0.36,0.36,0.94,Run
2.309,0.025,0.47,0.36,0.36,0.93,Run
2.329,0.020,0.46,0.36,0.36,0.93,Run
2.354,0.025,0.45,0.35,0.35,0.92,Run
2.379,0.025,0.45,0.35,0.35,0.91,Run
2.401,0.022,0.44,0.34,0.34,0.91,Run
2.426,0.025,0.43,0.34,0.34,0.90,Run
2.449,0.023,0.42,0.33,0.33,0.90,Run
2.474,0.025,0.41,0.33,0.33,0.89,Run
2.499,0.025,0.40,0.32,0.32,0.89,Run
2.523,0.024,0.39,0.32,0.32,0.88,Run
2.546,0.023,0.38,0.32,0.32,0.88,Run
2.571,0.025,0.37,0.31,0.31,0.87,Run
2.596,0.025,0.36,0.31,0.31,0.87,Run
2.620,0.024,0.35,0.30,0.30,0.86,Run
2.645,0.025,0.35,0.30,0.30,0.85,Run
2.669,0.024,0.34,0.29,0.29,0.85,Run
2.694,0.025,0.33,0.29,0.29,0.84,Run
2.719,0.025,0.32,0.28,0.28,0.84,Run
2.742,0.023,0.31,0.28,0.28,0.83,Run
2.767,0.025,0.30,0.28,0.28,0.83,Run
2.788,0.021,0.29,0.27,0.27,0.82,Run
2.809,0.020,0.29,0.27,0.27,0.82,Run
2.834,0.025,0.28,0.26,0.26,0.81,Run
2.859,0.025,0.27,0.26,0.26,0.81,Run
2.880,0.021,0.26,0.26,0.26,0.80,Run
2.902,0.022,0.25,0.25,0.25,0.80,Run
2.927,0.025,0.25,0.25,0.25,0.79,Run
2.949,0.022,0.24,0.25,0.25,0.79,Run
2.974,0.025,0.23,0.24,0.24,0.78,Run
2.999,0.025,0.22,0.24,0.24,0.78,Run
3.019,0.020,0.22,0.24,0.24,0.77,Run
3.057,0.038,0.21,0.22,0.22,0.76,Run
3.083,0.026,0.20,0.23,0.23,0.76,Run
3.108,0.025,0.19,0.22,0.22,0.75,Run
3.132,0.024,0.19,0.22,0.22,0.75,Run
3.157,0.025,0.18,0.22,0.22,0.74,Run
3.179,0.022,0.17,0.21,0.21,0.73,Run
3.202,0.023,0.17,0.21,0.21,0.73,Run
3.227,0.025,0.16,0.21,0.21,0.72,Run
3.247,0.020,0.16,0.21,0.21,0.72,Run
3.269,0.021,0.15,0.20,0.20,0.71,Run
3.294,0.025,0.15,0.20,0.20,0.71,Run
3.319,0.025,0.14,0.20,0.20,0.70,Run
3.341,0.022,0.14,0.20,0.20,0.70,Run
3.363,0.022,0.13,0.19,0.19,0.69,Run
3.388,0.025,0.13,0.19,0.19,0.69,Run
3.412,0.024,0.13,0.19,0.19,0.68,Run
3.436,0.024,0.12,0.19,0.19,0.68,Run
3.461,0.025,0.12,0.19,0.19,0.67,Run
3.486,0.025,0.12,0.18,0.18,0.67,Run
3.510,0.024,0.11,0.18,0.18,0.66,Run
3.534,0.024,0.11,0.18,0.18,0.65,Run
3.560,0.025,0.11,0.18,0.18,0.65,Run
3.585,0.025,0.11,0.18,0.18,0.64,Run
3.610,0.025,0.10,0.18,0.18,0.64,Run
3.632,0.022,0.10,0.18,0.18,0.63,Run
3.657,0.025,0.10,0.18,0.18,0.63,Run
3.678,0.021,0.10,0.18,0.18,0.62,Run
3.702,0.024,0.10,0.18,0.18,0.62,Run
3.727,0.025,0.10,0.18,0.18,0.61,Run
3.752,0.025,0.10,0.18,0.18,0.61,Run
3.777,0.025,0.10,0.18,0.18,0.60,Run
3.798,0.021,0.10,0.18,0.18,0.60,Run
3.820,0.022,0.10,0.18,0.18,0.59,Run
3.844,0.024,0.10,0.18,0.18,0.59,Run
3.865,0.020,0.10,0.18,0.18,0.58,Run
3.889,0.024,0.10,0.18,0.18,0.58,Run
3.913,0.024,0.11,0.18,0.18,0.57,Run
3.938,0.024,0.11,0.18,0.18,0.56,Run
3.958,0.020,0.11,0.18,0.18,0.56,Run
3.980,0.021,0.11,0.18,0.18,0.55,Run
4.000,0.021,0.11,0.18,0.18,0.55,Run
4.022,0.022,0.12,0.19,0.19,0.55,Run
4.044,0.022,0.12,0.19,0.19,0.54,Run
4.069,0.025,0.12,0.19,0.19,0.53,Run
4.094,0.025,0.13,0.19,0.19,0.53,Run
4.118,0.024,0.13,0.19,0.19,0.52,Run
4.143,0.025,0.14,0.20,0.20,0.52,Run
4.168,0.025,0.14,0.20,0.20,0.51,Run
4.191,0.023,0.14,0.20,0.20,0.51,Run
4.212,0.021,0.15,0.20,0.20,0.50,Run
4.237,0.025,0.15,0.21,0.21,0.50,Run
4.262,0.025,0.16,0.21,0.21,0.49,Run
4.285,0.023,0.17,0.21,0.21,0.49,Run
4.308,0.023,0.17,0.21,0.21,0.48,Run
4.329,0.021,0.18,0.22,0.22,0.48,Run
4.354,0.025,0.18,0.22,0.22,0.47,Run
4.379,0.025,0.19,0.22,0.22,0.46,Run
4.403,0.025,0.20,0.23,0.23,0.46,Run
4.424,0.021,0.20,0.23,0.23,0.45,Run
4.449,0.024,0.21,0.24,0.24,0.45,Run
4.471,0.022,0.21,0.24,0.24,0.44,Run
4.496,0.025,0.22,0.24,0.24,0.44,Run
4.521,0.025,0.23,0.25,0.25,0.43,Run
4.545,0.024,0.24,0.25,0.25,0.43,Run
4.566,0.021,0.24,0.25,0.25,0.42,Run
4.589,0.023,0.25,0.26,0.26,0.42,Run
4.614,0.025,0.26,0.26,0.26,0.41,Run
4.639,0.025,0.27,0.27,0.27,0.41,Run
4.664,0.025,0.28,0.27,0.27,0.40,Run
4.689,0.025,0.29,0.28,0.28,0.40,Run
4.714,0.025,0.29,0.28,0.28,0.39,Run
4.739,0.025,0.30,0.29,0.29,0.38,Run
4.761,0.022,0.31,0.29,0.29,0.38,Run
4.786,0.025,0.32,0.30,0.30,0.37,Run
4.809,0.023,0.33,0.30,0.30,0.37,Run
4.831,0.022,0.34,0.30,0.30,0.36,Run
4.853,0.021,0.34,0.31,0.31,0.36,Run
4.878,0.025,0.35,0.32,0.32,0.35,Run
4.903,0.025,0.36,0.32,0.32,0.35,Run
4.928,0.025,0.37,0.33,0.33,0.34,Run
4.950,0.022,0.38,0.33,0.33,0.34,Run
4.972,0.022,0.39,0.33,0.33,0.33,Run
4.993,0.022,0.40,0.34,0.34,0.33,Run
5.018,0.025,0.41,0.35,0.35,0.32,Run
5.039,0.020,0.41,0.34,0.34,0.32,Run
5.064,0.025,0.42,0.36,0.36,0.31,Run
5.084,0.020,0.43,0.35,0.35,0.31,Run
5.109,0.025,0.44,0.37,0.37,0.30,Run
5.132,0.022,0.45,0.37,0.37,0.30,Run
5.157,0.025,0.46,0.38,0.38,0.29,Run
5.180,0.024,0.47,0.38,0.38,0.28,Run
5.205,0.025,0.48,0.38,0.38,0.28,Run
5.229,0.023,0.49,0.39,0.39,0.27,Run
5.253,0.024,0.49,0.39,0.39,0.27,Run
5.278,0.025,0.50,0.40,0.40,0.26,Run
5.298,0.020,0.51,0.40,0.40,0.26,Run
5.319,0.021,0.52,0.41,0.41,0.25,Run
5.343,0.024,0.53,0.00,0.00,0.25,EmergencyBrake
5.368,0.025,0.53,0.00,0.00,0.24,EmergencyBrake
5.389,0.020,0.54,0.00,0.00,0.24,EmergencyBrake
5.411,0.023,0.55,0.00,0.00,0.23,EmergencyBrake
5.433,0.022,0.56,0.00,0.00,0.23,EmergencyBrake
5.458,0.024,0.56,0.00,0.00,0.22,EmergencyBrake
5.483,0.025,0.57,0.00,0.00,0.22,EmergencyBrake
5.506,0.024,0.58,0.00,0.00,0.21,EmergencyBrake
5.530,0.024,0.59,0.00,0.00,0.21,EmergencyBrake
5.555,0.025,0.59,0.00,0.00,0.20,EmergencyBrake
5.578,0.022,0.60,0.00,0.00,0.20,EmergencyBrake
5.598,0.020,0.60,0.00,0.00,0.19,EmergencyBrake
5.623,0.025,0.61,0.00,0.00,0.18,EmergencyBrake
5.645,0.022,0.62,0.00,0.00,0.18,EmergencyBrake
5.669,0.024,0.62,0.00,0.00,0.17,EmergencyBrake
5.691,0.022,0.63,0.00,0.00,0.17,EmergencyBrake
5.716,0.025,0.63,0.00,0.00,0.16,EmergencyBrake
5.736,0.020,0.64,0.00,0.00,0.16,EmergencyBrake
5.758,0.022,0.64,0.00,0.00,0.15,EmergencyBrake
5.781,0.023,0.65,0.00,0.00,0.15,EmergencyBrake
5.804,0.023,0.65,0.00,0.00,0.14,EmergencyBrake
5.829,0.025,0.66,0.00,0.00,0.14,EmergencyBrake
5.852,0.023,0.66,0.00,0.00,0.13,EmergencyBrake
5.877,0.025,0.67,0.00,0.00,0.13,EmergencyBrake
5.901,0.024,0.67,0.00,0.00,0.12,EmergencyBrake
5.926,0.025,0.68,0.00,0.00,0.12,EmergencyBrake
5.948,0.021,0.68,0.00,0.00,0.11,EmergencyBrake
5.973,0.025,0.68,0.00,0.00,0.11,EmergencyBrake
5.993,0.021,0.68,0.00,0.00,0.10,EmergencyBrake
6.018,0.025,0.69,0.00,0.00,0.10,EmergencyBrake
6.044,0.025,0.69,0.00,0.00,0.10,EmergencyBrake
6.069,0.025,0.69,0.00,0.00,0.10,EmergencyBrake
6.094,0.025,0.69,0.00,0.00,0.10,EmergencyBrake
6.119,0.025,0.70,0.00,0.00,0.10,EmergencyBrake
6.144,0.025,0.70,0.00,0.00,0.10,EmergencyBrake
6.169,0.025,0.70,0.00,0.00,0.10,EmergencyBrake
6.191,0.022,0.70,0.00,0.00,0.10,EmergencyBrake
6.216,0.025,0.70,0.00,0.00,0.10,EmergencyBrake
6.241,0.025,0.70,0.00,0.00,0.10,EmergencyBrake
6.266,0.025,0.70,0.00,0.00,0.10,EmergencyBrake
6.289,0.023,0.70,0.00,0.00,0.10,EmergencyBrake
6.313,0.024,0.70,0.00,0.00,0.10,EmergencyBrake
6.333,0.021,0.70,0.00,0.00,0.10,EmergencyBrake
6.358,0.025,0.70,0.00,0.00,0.10,EmergencyBrake
6.382,0.024,0.70,0.00,0.00,0.10,EmergencyBrake
6.403,0.021,0.69,0.00,0.00,0.10,EmergencyBrake
6.428,0.025,0.69,0.00,0.00,0.10,EmergencyBrake
6.450,0.022,0.69,0.00,0.00,0.10,EmergencyBrake
6.474,0.024,0.69,0.00,0.00,0.10,EmergencyBrake
6.499,0.025,0.69,0.00,0.00,0.10,EmergencyBrake
6.523,0.024,0.68,0.00,0.00,0.10,EmergencyBrake
6.544,0.021,0.68,0.00,0.00,0.10,EmergencyBrake
6.568,0.024,0.68,0.00,0.00,0.10,EmergencyBrake
6.593,0.025,0.67,0.00,0.00,0.10,EmergencyBrake
6.614,0.021,0.67,0.00,0.00,0.10,EmergencyBrake
6.636,0.022,0.67,0.00,0.00,0.10,EmergencyBrake
6.659,0.023,0.66,0.00,0.00,0.10,EmergencyBrake
6.684,0.025,0.66,0.00,0.00,0.10,EmergencyBrake
6.704,0.020,0.65,0.00,0.00,0.10,EmergencyBrake
6.729,0.025,0.65,0.00,0.00,0.10,EmergencyBrake
6.754,0.025,0.64,0.00,0.00,0.10,EmergencyBrake
6.779,0.025,0.64,0.00,0.00,0.10,EmergencyBrake
6.800,0.022,0.63,0.00,0.00,0.10,EmergencyBrake
6.826,0.025,0.62,0.00,0.00,0.10,EmergencyBrake
6.851,0.025,0.62,0.00,0.00,0.10,EmergencyBrake
6.871,0.020,0.61,0.00,0.00,0.10,EmergencyBrake
6.891,0.020,0.61,0.00,0.00,0.10,EmergencyBrake
6.916,0.025,0.60,0.00,0.00,0.10,EmergencyBrake
6.940,0.024,0.59,0.00,0.00,0.10,EmergencyBrake
6.960,0.020,0.59,0.00,0.00,0.10,EmergencyBrake
6.985,0.024,0.58,0.00,0.00,0.10,EmergencyBrake
7.009,0.024,0.57,0.00,0.00,0.10,EmergencyBrake
7.034,0.025,0.57,0.00,0.00,0.10,EmergencyBrake
7.059,0.025,0.56,0.00,0.00,0.10,EmergencyBrake
7.084,0.025,0.55,0.00,0.00,0.10,EmergencyBrake
7.107,0.024,0.54,0.00,0.00,0.10,EmergencyBrake
7.139,0.031,0.53,0.00,0.00,0.10,EmergencyBrake
7.167,0.028,0.52,0.00,0.00,0.10,EmergencyBrake
7.189,0.022,0.51,0.00,0.00,0.10,EmergencyBrake
7.214,0.025,0.51,0.00,0.00,0.10,EmergencyBrake
7.239,0.025,0.50,0.00,0.00,0.10,EmergencyBrake
7.260,0.022,0.49,0.00,0.00,0.10,EmergencyBrake
7.285,0.025,0.48,0.00,0.00,0.10,EmergencyBrake
7.310,0.025,0.47,0.00,0.00,0.10,EmergencyBrake
7.334,0.024,0.46,0.00,0.00,0.10,EmergencyBrake
7.359,0.024,0.45,0.00,0.00,0.10,EmergencyBrake
7.384,0.025,0.44,0.00,0.00,0.10,EmergencyBrake
7.409,0.025,0.43,0.00,0.00,0.10,EmergencyBrake
7.430,0.022,0.43,0.00,0.00,0.10,EmergencyBrake
7.456,0.025,0.42,0.00,0.00,0.10,EmergencyBrake
7.481,0.025,0.41,0.00,0.00,0.10,EmergencyBrake
7.502,0.021,0.40,0.00,0.00,0.10,EmergencyBrake
7.523,0.022,0.39,0.00,0.00,0.10,EmergencyBrake
7.548,0.025,0.38,0.00,0.00,0.10,EmergencyBrake
7.571,0.023,0.37,0.00,0.00,0.10,EmergencyBrake
7.596,0.024,0.36,0.00,0.00,0.10,EmergencyBrake
7.618,0.022,0.36,0.00,0.00,0.10,EmergencyBrake
7.639,0.021,0.35,0.00,0.00,0.10,EmergencyBrake
7.664,0.026,0.34,0.00,0.00,0.10,EmergencyBrake
7.688,0.023,0.33,0.00,0.00,0.10,EmergencyBrake
7.713,0.025,0.32,0.00,0.00,0.10,EmergencyBrake
7.738,0.025,0.31,0.00,0.00,0.10,EmergencyBrake
7.763,0.025,0.30,0.00,0.00,0.10,EmergencyBrake
7.788,0.025,0.29,0.00,0.00,0.10,EmergencyBrake
7.809,0.021,0.29,0.00,0.00,0.10,EmergencyBrake
7.834,0.025,0.28,0.00,0.00,0.10,EmergencyBrake
7.859,0.025,0.27,0.00,0.00,0.10,EmergencyBrake
7.884,0.025,0.26,0.00,0.00,0.10,EmergencyBrake
7.909,0.025,0.25,0.00,0.00,0.10,EmergencyBrake
7.934,0.025,0.24,0.00,0.00,0.10,EmergencyBrake
7.958,0.024,0.24,0.00,0.00,0.10,EmergencyBrake
7.979,0.021,0.23,0.00,0.00,0.10,EmergencyBrake
8.004,0.025,0.22,0.00,0.00,0.10,EmergencyBrake
8.029,0.025,0.21,0.00,0.00,0.10,EmergencyBrake
8.053,0.024,0.21,0.00,0.00,0.10,EmergencyBrake
8.078,0.025,0.20,0.00,0.00,0.10,EmergencyBrake
8.102,0.024,0.19,0.00,0.00,0.10,EmergencyBrake
8.126,0.024,0.19,0.00,0.00,0.10,EmergencyBrake
8.151,0.025,0.18,0.00,0.00,0.10,EmergencyBrake
8.176,0.026,0.17,0.00,0.00,0.10,EmergencyBrake
8.200,0.024,0.17,0.00,0.00,0.10,EmergencyBrake
8.224,0.024,0.16,0.00,0.00,0.10,EmergencyBrake
8.246,0.022,0.16,0.00,0.00,0.10,EmergencyBrake
8.271,0.025,0.15,0.00,0.00,0.10,EmergencyBrake
8.294,0.023,0.15,0.00,0.00,0.10,EmergencyBrake
8.319,0.025,0.14,0.00,0.00,0.10,EmergencyBrake
8.343,0.024,0.14,0.00,0.00,0.10,EmergencyBrake
8.368,0.025,0.13,0.00,0.00,0.10,EmergencyBrake
8.392,0.025,0.13,0.00,0.00,0.10,EmergencyBrake
8.417,0.025,0.13,0.00,0.00,0.10,EmergencyBrake
8.442,0.025,0.12,0.00,0.00,0.10,EmergencyBrake
8.465,0.024,0.12,0.00,0.00,0.10,EmergencyBrake
8.488,0.022,0.12,0.00,0.00,0.10,EmergencyBrake
8.513,0.025,0.11,0.00,0.00,0.10,EmergencyBrake
8.533,0.020,0.11,0.00,0.00,0.10,EmergencyBrake
8.556,0.023,0.11,0.00,0.00,0.10,EmergencyBrake
8.581,0.025,0.11,0.00,0.00,0.10,EmergencyBrake
8.606,0.025,0.10,0.00,0.00,0.10,EmergencyBrake
8.630,0.024,0.10,0.00,0.00,0.10,EmergencyBrake
8.652,0.021,0.10,0.00,0.00,0.10,EmergencyBrake
8.675,0.024,0.10,0.00,0.00,0.10,EmergencyBrake
8.700,0.025,0.10,0.00,0.00,0.10,EmergencyBrake
8.723,0.022,0.10,0.00,0.00,0.10,EmergencyBrake
8.748,0.025,0.10,0.00,0.00,0.10,EmergencyBrake
8.769,0.021,0.10,0.00,0.00,0.10,EmergencyBrake
8.793,0.024,0.10,0.00,0.00,0.10,EmergencyBrake
8.814,0.022,0.10,0.00,0.00,0.10,EmergencyBrake
8.838,0.023,0.10,0.00,0.00,0.10,EmergencyBrake
8.863,0.025,0.10,0.00,0.00,0.10,EmergencyBrake
8.888,0.025,0.10,0.00,0.00,0.10,EmergencyBrake
8.913,0.025,0.11,0.00,0.00,0.10,EmergencyBrake
8.938,0.025,0.11,0.00,0.00,0.10,EmergencyBrake
8.962,0.024,0.11,0.00,0.00,0.10,EmergencyBrake
8.987,0.025,0.11,0.00,0.00,0.10,EmergencyBrake
9.009,0.022,0.12,0.00,0.00,0.10,EmergencyBrake
9.034,0.025,0.12,0.00,0.00,0.10,EmergencyBrake
9.059,0.025,0.12,0.00,0.00,0.10,EmergencyBrake
9.084,0.025,0.13,0.00,0.00,0.10,EmergencyBrake
9.109,0.025,0.13,0.00,0.00,0.10,EmergencyBrake
9.134,0.025,0.13,0.00,0.00,0.10,EmergencyBrake
9.159,0.025,0.14,0.00,0.00,0.10,EmergencyBrake
9.183,0.024,0.14,0.00,0.00,0.10,EmergencyBrake
9.205,0.022,0.15,0.00,0.00,0.10,EmergencyBrake
9.230,0.025,0.15,0.00,0.00,0.10,EmergencyBrake
9.256,0.025,0.16,0.00,0.00,0.10,EmergencyBrake
9.281,0.025,0.16,0.00,0.00,0.10,EmergencyBrake
9.305,0.024,0.17,0.00,0.00,0.10,EmergencyBrake
9.329,0.024,0.18,0.00,0.00,0.10,EmergencyBrake
9.354,0.025,0.18,0.00,0.00,0.10,EmergencyBrake
9.379,0.025,0.19,0.00,0.00,0.10,EmergencyBrake
9.401,0.022,0.19,0.00,0.00,0.10,EmergencyBrake
9.426,0.025,0.20,0.00,0.00,0.10,EmergencyBrake
9.449,0.023,0.21,0.00,0.00,0.10,EmergencyBrake
9.474,0.025,0.22,0.00,0.00,0.10,EmergencyBrake
9.499,0.025,0.22,0.00,0.00,0.10,EmergencyBrake
9.524,0.025,0.23,0.00,0.00,0.10,EmergencyBrake
9.549,0.025,0.24,0.00,0.00,0.10,EmergencyBrake
9.572,0.023,0.25,0.00,0.00,0.10,EmergencyBrake
9.597,0.025,0.25,0.00,0.00,0.10,EmergencyBrake
9.619,0.022,0.26,0.00,0.00,0.10,EmergencyBrake
9.643,0.025,0.27,0.00,0.00,0.10,EmergencyBrake
9.666,0.022,0.28,0.00,0.00,0.10,EmergencyBrake
9.686,0.021,0.28,0.00,0.00,0.10,EmergencyBrake
9.709,0.022,0.29,0.00,0.00,0.10,EmergencyBrake
9.732,0.023,0.30,0.00,0.00,0.10,EmergencyBrake
9.757,0.025,0.31,0.00,0.00,0.10,EmergencyBrake
9.780,0.023,0.32,0.00,0.00,0.10,EmergencyBrake
9.803,0.023,0.33,0.00,0.00,0.10,EmergencyBrake
9.828,0.025,0.34,0.00,0.00,0.10,EmergencyBrake
9.853,0.025,0.35,0.00,0.00,0.10,EmergencyBrake
9.878,0.025,0.35,0.00,0.00,0.10,EmergencyBrake
9.903,0.025,0.36,0.00,0.00,0.10,EmergencyBrake
9.929,0.025,0.37,0.00,0.00,0.10,EmergencyBrake
9.953,0.024,0.38,0.00,0.00,0.10,EmergencyBrake
9.975,0.022,0.39,0.00,0.00,0.10,EmergencyBrake
9.999,0.024,0.40,0.00,0.00,0.10,EmergencyBrake
10.020,0.022,0.41,0.00,0.00,0.10,EmergencyBrake
10.046,0.025,0.42,0.00,0.00,0.10,EmergencyBrake
10.070,0.025,0.43,0.00,0.00,0.10,EmergencyBrake
10.094,0.024,0.44,0.00,0.00,0.10,EmergencyBrake
10.119,0.025,0.44,0.00,0.00,0.10,EmergencyBrake
10.143,0.024,0.45,0.00,0.00,0.10,EmergencyBrake
10.168,0.025,0.46,0.00,0.00,0.10,EmergencyBrake
10.193,0.025,0.47,0.00,0.00,0.10,EmergencyBrake
10.214,0.021,0.48,0.00,0.00,0.10,EmergencyBrake
10.239,0.025,0.49,0.00,0.00,0.10,EmergencyBrake
10.264,0.025,0.50,0.00,0.00,0.10,EmergencyBrake
10.289,0.025,0.51,0.00,0.00,0.10,EmergencyBrake
10.314,0.025,0.52,0.00,0.00,0.10,EmergencyBrake
10.339,0.025,0.52,0.00,0.00,0.10,EmergencyBrake
10.363,0.024,0.53,0.00,0.00,0.10,EmergencyBrake
10.388,0.025,0.54,0.00,0.00,0.10,EmergencyBrake
10.409,0.021,0.55,0.00,0.00,0.10,EmergencyBrake
10.433,0.024,0.56,0.00,0.00,0.10,EmergencyBrake
10.456,0.023,0.56,0.00,0.00,0.10,EmergencyBrake
10.478,0.022,0.57,0.00,0.00,0.10,EmergencyBrake
10.503,0.025,0.58,0.00,0.00,0.10,EmergencyBrake
10.526,0.024,0.58,0.00,0.00,0.10,EmergencyBrake
10.549,0.022,0.59,0.00,0.00,0.10,EmergencyBrake
10.574,0.025,0.60,0.00,0.00,0.10,EmergencyBrake
10.599,0.025,0.61,0.00,0.00,0.10,EmergencyBrake
10.624,0.025,0.61,0.00,0.00,0.10,EmergencyBrake
10.648,0.024,0.62,0.00,0.00,0.10,EmergencyBrake
10.673,0.025,0.62,0.00,0.00,0.10,EmergencyBrake
10.697,0.024,0.63,0.00,0.00,0.10,EmergencyBrake
10.722,0.025,0.64,0.00,0.00,0.10,EmergencyBrake
10.745,0.024,0.64,0.00,0.00,0.10,EmergencyBrake
10.769,0.024,0.65,0.00,0.00,0.10,EmergencyBrake
10.792,0.023,0.65,0.00,0.00,0.10,EmergencyBrake
10.817,0.025,0.66,0.00,0.00,0.10,EmergencyBrake
10.842,0.025,0.66,0.00,0.00,0.10,EmergencyBrake
10.864,0.023,0.67,0.00,0.00,0.10,EmergencyBrake
10.889,0.025,0.67,0.00,0.00,0.10,EmergencyBrake
10.913,0.024,0.67,0.00,0.00,0.10,EmergencyBrake
10.938,0.024,0.68,0.00,0.00,0.10,EmergencyBrake
10.963,0.025,0.68,0.00,0.00,0.10,EmergencyBrake
10.988,0.025,0.68,0.00,0.00,0.10,EmergencyBrake
11.009,0.021,0.69,0.00,0.00,0.10,EmergencyBrake
11.032,0.023,0.69,0.00,0.00,0.10,EmergencyBrake
11.057,0.025,0.69,0.00,0.00,0.10,EmergencyBrake
11.079,0.022,0.69,0.00,0.00,0.10,EmergencyBrake
11.104,0.025,0.69,0.00,0.00,0.10,EmergencyBrake
11.129,0.025,0.70,0.00,0.00,0.10,EmergencyBrake
11.150,0.022,0.70,0.00,0.00,0.10,EmergencyBrake
11.174,0.024,0.70,0.00,0.00,0.10,EmergencyBrake
11.199,0.025,0.70,0.00,0.00,0.10,EmergencyBrake
11.221,0.022,0.70,0.00,0.00,0.10,EmergencyBrake
11.246,0.025,0.70,0.00,0.00,0.10,EmergencyBrake
11.271,0.025,0.70,0.00,0.00,0.10,EmergencyBrake
11.296,0.025,0.70,0.00,0.00,0.10,EmergencyBrake
11.317,0.021,0.70,0.00,0.00,0.10,EmergencyBrake
11.340,0.023,0.70,0.00,0.00,0.10,EmergencyBrake
11.365,0.025,0.70,0.00,0.00,0.10,EmergencyBrake
11.386,0.021,0.70,0.00,0.00,0.10,EmergencyBrake
11.410,0.024,0.69,0.00,0.00,0.10,EmergencyBrake
11.435,0.025,0.69,0.00,0.00,0.10,EmergencyBrake
11.459,0.024,0.69,0.00,0.00,0.10,EmergencyBrake
11.483,0.024,0.69,0.00,0.00,0.10,EmergencyBrake
11.507,0.024,0.68,0.00,0.00,0.10,EmergencyBrake
11.530,0.023,0.68,0.00,0.00,0.10,EmergencyBrake
11.555,0.025,0.68,0.00,0.00,0.10,EmergencyBrake
11.579,0.024,0.67,0.00,0.00,0.10,EmergencyBrake
11.604,0.025,0.67,0.00,0.00,0.10,EmergencyBrake
11.629,0.025,0.67,0.00,0.00,0.10,EmergencyBrake
11.652,0.024,0.66,0.00,0.00,0.10,EmergencyBrake
11.677,0.025,0.66,0.00,0.00,0.10,EmergencyBrake
11.702,0.025,0.65,0.00,0.00,0.10,EmergencyBrake
11.727,0.025,0.65,0.00,0.00,0.10,EmergencyBrake
11.749,0.022,0.64,0.00,0.00,0.10,EmergencyBrake
11.771,0.023,0.64,0.00,0.00,0.10,EmergencyBrake
11.796,0.025,0.63,0.00,0.00,0.10,EmergencyBrake
11.819,0.022,0.63,0.00,0.00,0.10,EmergencyBrake
11.844,0.025,0.62,0.00,0.00,0.10,EmergencyBrake
11.869,0.025,0.61,0.00,0.00,0.10,EmergencyBrake
11.894,0.025,0.61,0.00,0.00,0.10,EmergencyBrake
11.916,0.022,0.60,0.00,0.00,0.10,EmergencyBrake
11.938,0.022,0.59,0.00,0.00,0.10,EmergencyBrake
11.963,0.025,0.59,0.00,0.00,0.10,EmergencyBrake
11.988,0.024,0.58,0.00,0.00,0.10,EmergencyBrake
12.009,0.021,0.57,0.00,0.00,0.10,EmergencyBrake
12.033,0.024,0.57,0.00,0.00,0.10,EmergencyBrake
12.058,0.025,0.56,0.00,0.00,0.10,EmergencyBrake
12.079,0.021,0.55,0.00,0.00,0.10,EmergencyBrake
12.103,0.024,0.54,0.00,0.00,0.10,EmergencyBrake
12.124,0.021,0.54,0.00,0.00,0.10,EmergencyBrake
12.146,0.022,0.53,0.00,0.00,0.10,EmergencyBrake
12.170,0.024,0.52,0.00,0.00,0.10,EmergencyBrake
12.194,0.024,0.51,0.00,0.00,0.10,EmergencyBrake
12.219,0.025,0.50,0.00,0.00,0.10,EmergencyBrake
12.244,0.025,0.49,0.00,0.00,0.10,EmergencyBrake
12.269,0.025,0.49,0.00,0.00,0.10,EmergencyBrake
12.291,0.022,0.48,0.00,0.00,0.10,EmergencyBrake
12.312,0.021,0.47,0.00,0.00,0.10,EmergencyBrake
12.332,0.020,0.46,0.00,0.00,0.10,EmergencyBrake
12.357,0.025,0.45,0.00,0.00,0.10,EmergencyBrake
12.382,0.025,0.44,0.00,0.00,0.10,EmergencyBrake
12.403,0.021,0.44,0.00,0.00,0.10,EmergencyBrake
12.423,0.021,0.43,0.00,0.00,0.10,EmergencyBrake
12.445,0.021,0.42,0.00,0.00,0.10,EmergencyBrake
12.469,0.024,0.41,0.00,0.00,0.10,EmergencyBrake
12.491,0.023,0.40,0.00,0.00,0.10,EmergencyBrake
12.516,0.024,0.39,0.00,0.00,0.10,EmergencyBrake
12.536,0.020,0.39,0.00,0.00,0.10,EmergencyBrake
12.559,0.023,0.38,0.00,0.00,0.10,EmergencyBrake
12.584,0.025,0.37,0.00,0.00,0.10,EmergencyBrake
12.609,0.025,0.36,0.00,0.00,0.10,EmergencyBrake
12.634,0.025,0.35,0.00,0.00,0.10,EmergencyBrake
12.659,0.025,0.34,0.00,0.00,0.10,EmergencyBrake
12.684,0.025,0.33,0.00,0.00,0.10,EmergencyBrake
12.709,0.025,0.32,0.00,0.00,0.10,EmergencyBrake
12.731,0.022,0.31,0.00,0.00,0.10,EmergencyBrake
12.756,0.025,0.31,0.00,0.00,0.10,EmergencyBrake
12.781,0.025,0.30,0.00,0.00,0.10,EmergencyBrake
12.806,0.025,0.29,0.00,0.00,0.10,EmergencyBrake
12.829,0.022,0.28,0.00,0.00,0.10,EmergencyBrake
12.853,0.024,0.27,0.00,0.00,0.10,EmergencyBrake
12.874,0.021,0.26,0.00,0.00,0.10,EmergencyBrake
12.899,0.025,0.26,0.00,0.00,0.10,EmergencyBrake
12.923,0.024,0.25,0.00,0.00,0.10,EmergencyBrake
12.948,0.025,0.24,0.00,0.00,0.10,EmergencyBrake
12.971,0.023,0.23,0.00,0.00,0.10,EmergencyBrake
12.993,0.022,0.23,0.00,0.00,0.10,EmergencyBrake
13.017,0.025,0.22,0.00,0.00,0.10,EmergencyBrake
13.039,0.021,0.21,0.00,0.00,0.10,EmergencyBrake
13.064,0.025,0.20,0.00,0.00,0.10,EmergencyBrake
13.089,0.025,0.20,0.00,0.00,0.10,EmergencyBrake
13.114,0.025,0.19,0.00,0.00,0.10,EmergencyBrake
13.139,0.025,0.18,0.00,0.00,0.10,EmergencyBrake
13.161,0.022,0.18,0.00,0.00,0.10,EmergencyBrake
13.186,0.025,0.17,0.00,0.00,0.10,EmergencyBrake
13.209,0.024,0.17,0.00,0.00,0.10,EmergencyBrake
13.231,0.021,0.16,0.00,0.00,0.10,EmergencyBrake
13.256,0.025,0.16,0.00,0.00,0.10,EmergencyBrake
13.278,0.022,0.15,0.00,0.00,0.10,EmergencyBrake
13.303,0.025,0.15,0.00,0.00,0.10,EmergencyBrake
13.328,0.025,0.14,0.00,0.00,0.10,EmergencyBrake
13.353,0.025,0.14,0.00,0.00,0.10,EmergencyBrake
13.378,0.025,0.13,0.00,0.00,0.10,EmergencyBrake
13.399,0.021,0.13,0.00,0.00,0.10,EmergencyBrake
13.423,0.024,0.13,0.00,0.00,0.10,EmergencyBrake
13.448,0.025,0.12,0.00,0.00,0.10,EmergencyBrake
13.473,0.025,0.12,0.00,0.00,0.10,EmergencyBrake
13.494,0.021,0.12,0.00,0.00,0.10,EmergencyBrake
13.518,0.024,0.11,0.00,0.00,0.10,EmergencyBrake
13.539,0.021,0.11,0.00,0.00,0.10,EmergencyBrake
13.564,0.025,0.11,0.00,0.00,0.10,EmergencyBrake
13.589,0.025,0.11,0.00,0.00,0.10,EmergencyBrake
13.614,0.025,0.10,0.00,0.00,0.10,EmergencyBrake
13.637,0.023,0.10,0.00,0.00,0.10,EmergencyBrake
13.657,0.021,0.10,0.00,0.00,0.10,EmergencyBrake
13.681,0.024,0.10,0.00,0.00,0.10,EmergencyBrake
13.705,0.024,0.10,0.00,0.00,0.10,EmergencyBrake
13.729,0.024,0.10,0.00,0.00,0.10,EmergencyBrake
13.753,0.024,0.10,0.00,0.00,0.10,EmergencyBrake
13.775,0.022,0.10,0.00,0.00,0.10,EmergencyBrake
13.799,0.024,0.10,0.00,0.00,0.10,EmergencyBrake
13.822,0.023,0.10,0.00,0.00,0.10,EmergencyBrake
13.849,0.026,0.10,0.00,0.00,0.10,EmergencyBrake
13.871,0.023,0.10,0.00,0.00,0.10,EmergencyBrake
13.892,0.020,0.10,0.00,0.00,0.10,EmergencyBrake
13.912,0.020,0.11,0.00,0.00,0.10,EmergencyBrake
13.933,0.021,0.11,0.00,0.00,0.10,EmergencyBrake
13.958,0.025,0.11,0.00,0.00,0.10,EmergencyBrake
13.983,0.025,0.11,0.00,0.00,0.10,EmergencyBrake
14.004,0.021,0.12,0.00,0.00,0.10,EmergencyBrake
14.028,0.025,0.12,0.00,0.00,0.10,EmergencyBrake
14.049,0.020,0.12,0.00,0.00,0.10,EmergencyBrake
14.073,0.024,0.12,0.00,0.00,0.10,EmergencyBrake
14.098,0.025,0.13,0.00,0.00,0.10,EmergencyBrake
14.119,0.021,0.13,0.00,0.00,0.10,EmergencyBrake
14.144,0.025,0.14,0.00,0.00,0.10,EmergencyBrake
14.165,0.021,0.14,0.00,0.00,0.10,EmergencyBrake
14.189,0.024,0.14,0.00,0.00,0.10,EmergencyBrake
14.213,0.024,0.15,0.00,0.00,0.10,EmergencyBrake
