t,dt,desired_v,left,right,distance,state,meas_left,meas_right,err,adapt_gain
0.000,0.000,0.60,1.00,1.00,1.00,Run,0.000,0.000,0.6000,1.000
0.011,0.011,0.60,-0.67,-0.67,1.00,Run,-0.019,-0.019,0.6187,1.000
0.024,0.013,0.60,0.61,0.61,1.00,Run,0.001,0.001,0.5993,1.000
0.034,0.011,0.60,-0.39,-0.39,1.00,Run,-0.010,-0.010,0.6097,1.000
0.047,0.013,0.60,0.40,0.40,1.00,Run,0.003,0.003,0.5971,1.000
0.060,0.013,0.60,-0.18,-0.18,1.00,Run,-0.003,-0.003,0.6027,1.000
0.070,0.011,0.60,0.27,0.27,1.00,Run,0.005,0.005,0.5954,1.000
0.083,0.013,0.60,-0.09,-0.09,1.00,Run,0.002,0.002,0.5982,1.000
0.096,0.013,0.60,0.17,0.17,1.00,Run,0.007,0.007,0.5928,1.000
0.108,0.013,0.60,-0.02,-0.02,1.00,Run,0.007,0.007,0.5934,1.000
0.120,0.012,0.60,0.12,0.12,1.00,Run,0.010,0.010,0.5897,1.000
0.133,0.012,0.60,0.02,0.02,1.00,Run,0.011,0.011,0.5893,1.000
0.144,0.012,0.60,0.10,0.10,1.00,Run,0.013,0.013,0.5866,1.000
0.157,0.013,0.60,0.04,0.04,1.00,Run,0.014,0.014,0.5856,1.000
0.168,0.011,0.60,0.09,0.09,1.00,Run,0.017,0.017,0.5835,1.000
0.179,0.012,0.60,0.05,0.05,1.00,Run,0.018,0.018,0.5823,1.000
0.190,0.011,0.60,0.08,0.08,1.00,Run,0.020,0.020,0.5804,1.000
0.203,0.012,0.60,0.05,0.05,1.00,Run,0.021,0.021,0.5790,1.000
0.215,0.013,0.60,0.07,0.07,1.00,Run,0.023,0.023,0.5771,1.000
0.228,0.013,0.60,0.06,0.06,1.00,Run,0.024,0.024,0.5756,1.000
0.239,0.011,0.60,0.07,0.07,1.00,Run,0.026,0.026,0.5739,1.000
0.252,0.013,0.60,0.06,0.06,1.00,Run,0.028,0.028,0.5724,1.000
0.264,0.012,0.60,0.07,0.07,1.00,Run,0.029,0.029,0.5707,1.000
0.276,0.013,0.60,0.07,0.07,1.00,Run,0.031,0.031,0.5691,1.000
0.289,0.013,0.60,0.07,0.07,1.00,Run,0.033,0.033,0.5675,1.000
0.301,0.013,0.60,0.07,0.07,1.00,Run,0.034,0.034,0.5659,1.000
0.312,0.010,0.60,0.07,0.07,1.00,Run,0.035,0.035,0.5645,1.000
0.323,0.011,0.60,0.07,0.07,1.00,Run,0.037,0.037,0.5632,1.000
0.333,0.010,0.60,0.07,0.07,1.00,Run,0.038,0.038,0.5619,1.000
0.343,0.010,0.60,0.07,0.07,1.00,Run,0.039,0.039,0.5606,1.000
0.355,0.013,0.60,0.07,0.07,1.00,Run,0.041,0.041,0.5590,1.000
0.368,0.013,0.60,0.07,0.07,1.00,Run,0.043,0.043,0.5575,1.000
0.380,0.012,0.60,0.07,0.07,1.00,Run,0.044,0.044,0.5559,1.000
0.393,0.013,0.60,0.07,0.07,1.00,Run,0.046,0.046,0.5543,1.000
0.406,0.013,0.60,0.07,0.07,1.00,Run,0.047,0.047,0.5528,1.000
0.418,0.013,0.60,0.07,0.07,1.00,Run,0.049,0.049,0.5512,1.000
0.430,0.012,0.60,0.07,0.07,1.00,Run,0.050,0.050,0.5497,1.000
0.443,0.012,0.60,0.07,0.07,1.00,Run,0.052,0.052,0.5482,1.000
0.455,0.012,0.60,0.08,0.08,1.00,Run,0.053,0.053,0.5467,1.000
0.467,0.013,0.60,0.08,0.08,1.00,Run,0.055,0.055,0.5452,1.000
0.480,0.013,0.60,0.08,0.08,1.00,Run,0.056,0.056,0.5437,1.000
0.490,0.010,0.60,0.08,0.08,1.00,Run,0.058,0.058,0.5424,1.000
0.503,0.013,0.60,0.08,0.08,1.00,Run,0.059,0.059,0.5409,1.000
0.514,0.011,0.60,0.08,0.08,1.00,Run,0.060,0.060,0.5396,1.000
0.526,0.013,0.60,0.08,0.08,1.00,Run,0.062,0.062,0.5381,1.000
0.539,0.013,0.60,0.08,0.08,1.00,Run,0.063,0.063,0.5366,1.000
0.551,0.013,0.60,0.08,0.08,1.00,Run,0.065,0.065,0.5351,1.000
0.562,0.011,0.60,0.08,0.08,1.00,Run,0.066,0.066,0.5339,1.000
0.574,0.013,0.60,0.08,0.08,1.00,Run,0.068,0.068,0.5324,1.000
0.587,0.013,0.60,0.08,0.08,1.00,Run,0.069,0.069,0.5309,1.000
0.600,0.013,0.60,0.08,0.08,1.00,Run,0.071,0.071,0.5295,1.000
0.612,0.013,0.60,0.08,0.08,1.00,Run,0.072,0.072,0.5280,1.000
0.625,0.012,0.60,0.08,0.08,1.00,Run,0.073,0.073,0.5265,1.000
0.637,0.013,0.60,0.08,0.08,1.00,Run,0.075,0.075,0.5251,1.000
0.650,0.013,0.60,0.08,0.08,1.00,Run,0.076,0.076,0.5236,1.000
0.662,0.013,0.60,0.08,0.08,1.00,Run,0.078,0.078,0.5222,1.000
0.675,0.013,0.60,0.09,0.09,1.00,Run,0.079,0.079,0.5207,1.000
0.687,0.013,0.60,0.09,0.09,1.00,Run,0.081,0.081,0.5193,1.000
0.700,0.013,0.60,0.09,0.09,1.00,Run,0.082,0.082,0.5179,1.000
0.710,0.011,0.60,0.09,0.09,1.00,Run,0.083,0.083,0.5167,1.000
0.723,0.013,0.60,0.09,0.09,1.00,Run,0.085,0.085,0.5152,1.000
0.735,0.013,0.60,0.09,0.09,1.00,Run,0.086,0.086,0.5138,1.000
0.748,0.013,0.60,0.09,0.09,1.00,Run,0.088,0.088,0.5124,1.000
0.761,0.013,0.60,0.09,0.09,1.00,Run,0.089,0.089,0.5109,1.000
0.773,0.013,0.60,0.09,0.09,1.00,Run,0.090,0.090,0.5095,1.000
0.786,0.013,0.60,0.09,0.09,1.00,Run,0.092,0.092,0.5081,1.000
0.798,0.013,0.60,0.09,0.09,1.00,Run,0.093,0.093,0.5067,1.000
0.811,0.012,0.60,0.09,0.09,1.00,Run,0.095,0.095,0.5053,1.000
0.823,0.013,0.60,0.09,0.09,1.00,Run,0.096,0.096,0.5039,1.000
0.835,0.011,0.60,0.09,0.09,1.00,Run,0.097,0.097,0.5027,1.000
0.847,0.013,0.60,0.09,0.09,1.00,Run,0.099,0.099,0.5013,1.000
0.860,0.013,0.60,0.09,0.09,1.00,Run,0.100,0.100,0.4999,1.000
0.872,0.013,0.60,0.09,0.09,1.00,Run,0.102,0.102,0.4985,1.000
0.885,0.013,0.60,0.10,0.10,1.00,Run,0.103,0.103,0.4971,1.000
0.897,0.013,0.60,0.10,0.10,1.00,Run,0.104,0.104,0.4957,1.000
0.910,0.013,0.60,0.10,0.10,1.00,Run,0.106,0.106,0.4943,1.000
0.920,0.010,0.60,0.10,0.10,1.00,Run,0.107,0.107,0.4932,1.000
0.933,0.013,0.60,0.10,0.10,1.00,Run,0.108,0.108,0.4918,1.000
0.944,0.011,0.60,0.10,0.10,1.00,Run,0.109,0.109,0.4906,1.000
0.957,0.013,0.60,0.10,0.10,1.00,Run,0.111,0.111,0.4893,1.000
0.969,0.013,0.60,0.10,0.10,1.00,Run,0.112,0.112,0.4879,1.000
0.982,0.013,0.60,0.10,0.10,1.00,Run,0.113,0.113,0.4865,1.000
0.994,0.013,0.60,0.10,0.10,1.00,Run,0.115,0.115,0.4852,1.000
1.007,0.013,0.60,0.10,0.10,1.00,Run,0.116,0.116,0.4838,1.000
1.019,0.013,0.60,0.10,0.10,1.00,Run,0.118,0.118,0.4825,1.000
1.030,0.011,0.60,0.10,0.10,1.00,Run,0.119,0.119,0.4813,1.000
1.042,0.011,0.60,0.10,0.10,1.00,Run,0.120,0.120,0.4801,1.000
1.054,0.013,0.60,0.10,0.10,1.00,Run,0.121,0.121,0.4788,1.000
1.067,0.013,0.60,0.10,0.10,1.00,Run,0.123,0.123,0.4775,1.000
1.079,0.012,0.60,0.10,0.10,1.00,Run,0.124,0.124,0.4761,1.000
1.090,0.011,0.60,0.10,0.10,1.00,Run,0.125,0.125,0.4750,1.000
1.102,0.012,0.60,0.11,0.11,1.00,Run,0.126,0.126,0.4737,1.000
1.115,0.012,0.60,0.11,0.11,1.00,Run,0.128,0.128,0.4724,1.000
1.127,0.013,0.60,0.11,0.11,1.00,Run,0.129,0.129,0.4710,1.000
1.140,0.013,0.60,0.11,0.11,1.00,Run,0.130,0.130,0.4697,1.000
1.152,0.013,0.60,0.11,0.11,1.00,Run,0.132,0.132,0.4684,1.000
1.163,0.011,0.60,0.11,0.11,1.00,Run,0.133,0.133,0.4673,1.000
1.176,0.013,0.60,0.11,0.11,1.00,Run,0.134,0.134,0.4660,1.000
1.188,0.012,0.60,0.11,0.11,1.00,Run,0.135,0.135,0.4647,1.000
1.201,0.013,0.60,0.11,0.11,1.00,Run,0.137,0.137,0.4634,1.000
1.212,0.012,0.60,0.11,0.11,1.00,Run,0.138,0.138,0.4622,1.000
1.224,0.012,0.60,0.11,0.11,1.00,Run,0.139,0.139,0.4610,1.000
1.236,0.013,0.60,0.11,0.11,1.00,Run,0.140,0.140,0.4597,1.000
1.249,0.013,0.60,0.11,0.11,1.00,Run,0.142,0.142,0.4584,1.000
1.261,0.013,0.60,0.11,0.11,1.00,Run,0.143,0.143,0.4571,1.000
1.272,0.011,0.60,0.11,0.11,1.00,Run,0.144,0.144,0.4560,1.000
1.284,0.012,0.60,0.11,0.11,1.00,Run,0.145,0.145,0.4547,1.000
1.297,0.013,0.60,0.11,0.11,1.00,Run,0.147,0.147,0.4535,1.000
1.310,0.013,0.60,0.11,0.11,1.00,Run,0.148,0.148,0.4522,1.000
1.322,0.013,0.60,0.11,0.11,1.00,Run,0.149,0.149,0.4509,1.000
1.335,0.013,0.60,0.12,0.12,1.00,Run,0.150,0.150,0.4496,1.000
1.347,0.013,0.60,0.12,0.12,1.00,Run,0.152,0.152,0.4483,1.000
1.360,0.013,0.60,0.12,0.12,1.00,Run,0.153,0.153,0.4471,1.000
1.370,0.010,0.60,0.12,0.12,1.00,Run,0.154,0.154,0.4460,1.000
1.382,0.012,0.60,0.12,0.12,1.00,Run,0.155,0.155,0.4448,1.000
1.395,0.013,0.60,0.12,0.12,1.00,Run,0.156,0.156,0.4435,1.000
1.408,0.013,0.60,0.12,0.12,1.00,Run,0.158,0.158,0.4423,1.000
1.420,0.012,0.60,0.12,0.12,1.00,Run,0.159,0.159,0.4410,1.000
1.432,0.012,0.60,0.12,0.12,1.00,Run,0.160,0.160,0.4398,1.000
1.443,0.011,0.60,0.12,0.12,1.00,Run,0.161,0.161,0.4387,1.000
1.456,0.013,0.60,0.12,0.12,1.00,Run,0.163,0.163,0.4375,1.000
1.468,0.013,0.60,0.12,0.12,1.00,Run,0.164,0.164,0.4362,1.000
1.481,0.013,0.60,0.12,0.12,1.00,Run,0.165,0.165,0.4350,1.000
1.493,0.013,0.60,0.12,0.12,1.00,Run,0.166,0.166,0.4337,1.000
1.506,0.013,0.60,0.12,0.12,1.00,Run,0.168,0.168,0.4325,1.000
1.518,0.013,0.60,0.12,0.12,1.00,Run,0.169,0.169,0.4312,1.000
1.530,0.012,0.60,0.12,0.12,1.00,Run,0.170,0.170,0.4300,1.000
1.543,0.013,0.60,0.12,0.12,1.00,Run,0.171,0.171,0.4288,1.000
1.556,0.013,0.60,0.13,0.13,1.00,Run,0.172,0.172,0.4276,1.000
1.568,0.013,0.60,0.13,0.13,1.00,Run,0.174,0.174,0.4263,1.000
1.580,0.012,0.60,0.13,0.13,1.00,Run,0.175,0.175,0.4251,1.000
1.593,0.013,0.60,0.13,0.13,1.00,Run,0.176,0.176,0.4239,1.000
1.605,0.013,0.60,0.13,0.13,1.00,Run,0.177,0.177,0.4227,1.000
1.618,0.013,0.60,0.13,0.13,1.00,Run,0.179,0.179,0.4215,1.000
1.631,0.013,0.60,0.13,0.13,1.00,Run,0.180,0.180,0.4202,1.000
1.643,0.013,0.60,0.13,0.13,1.00,Run,0.181,0.181,0.4190,1.000
1.656,0.013,0.60,0.13,0.13,1.00,Run,0.182,0.182,0.4178,1.000
1.668,0.013,0.60,0.13,0.13,1.00,Run,0.183,0.183,0.4166,1.000
1.680,0.012,0.60,0.13,0.13,1.00,Run,0.185,0.185,0.4154,1.000
1.693,0.013,0.60,0.13,0.13,1.00,Run,0.186,0.186,0.4142,1.000
1.704,0.011,0.60,0.13,0.13,1.00,Run,0.187,0.187,0.4131,1.000
1.717,0.013,0.60,0.13,0.13,1.00,Run,0.188,0.188,0.4119,1.000
1.729,0.013,0.60,0.13,0.13,1.00,Run,0.189,0.189,0.4107,1.000
1.740,0.011,0.60,0.13,0.13,1.00,Run,0.190,0.190,0.4096,1.000
1.753,0.013,0.60,0.13,0.13,1.00,Run,0.192,0.192,0.4084,1.000
1.763,0.010,0.60,0.13,0.13,1.00,Run,0.193,0.193,0.4075,1.000
1.776,0.013,0.60,0.14,0.14,1.00,Run,0.194,0.194,0.4063,1.000
1.788,0.013,0.60,0.14,0.14,1.00,Run,0.195,0.195,0.4051,1.000
1.801,0.013,0.60,0.14,0.14,1.00,Run,0.196,0.196,0.4039,1.000
1.812,0.011,0.60,0.14,0.14,1.00,Run,0.197,0.197,0.4028,1.000
1.823,0.010,0.60,0.14,0.14,1.00,Run,0.198,0.198,0.4018,1.000
1.835,0.012,0.60,0.14,0.14,1.00,Run,0.199,0.199,0.4007,1.000
1.847,0.013,0.60,0.14,0.14,1.00,Run,0.201,0.201,0.3995,1.000
1.859,0.012,0.60,0.14,0.14,1.00,Run,0.202,0.202,0.3984,1.000
1.870,0.011,0.60,0.14,0.14,1.00,Run,0.203,0.203,0.3973,1.000
1.881,0.011,0.60,0.14,0.14,1.00,Run,0.204,0.204,0.3963,1.000
1.893,0.012,0.60,0.14,0.14,1.00,Run,0.205,0.205,0.3952,1.000
1.906,0.013,0.60,0.14,0.14,1.00,Run,0.206,0.206,0.3940,1.000
1.918,0.013,0.60,0.14,0.14,1.00,Run,0.207,0.207,0.3928,1.000
1.931,0.013,0.60,0.14,0.14,1.00,Run,0.208,0.208,0.3916,1.000
1.943,0.013,0.60,0.14,0.14,1.00,Run,0.210,0.210,0.3905,1.000
1.956,0.013,0.60,0.14,0.14,1.00,Run,0.211,0.211,0.3893,1.000
1.968,0.013,0.60,0.14,0.14,1.00,Run,0.212,0.212,0.3881,1.000
1.980,0.012,0.60,0.14,0.14,1.00,Run,0.213,0.213,0.3870,1.000
1.993,0.013,0.60,0.14,0.14,1.00,Run,0.214,0.214,0.3859,1.000
2.005,0.012,0.60,0.14,0.14,1.00,Run,0.215,0.215,0.3848,1.000
2.017,0.012,0.60,0.14,0.14,1.00,Run,0.216,0.216,0.3837,1.000
2.029,0.013,0.60,0.15,0.15,0.99,Run,0.218,0.218,0.3825,1.000
2.042,0.013,0.60,0.15,0.15,0.99,Run,0.219,0.219,0.3813,1.000
2.053,0.011,0.60,0.15,0.15,0.99,Run,0.220,0.220,0.3803,1.000
2.065,0.013,0.60,0.15,0.15,0.99,Run,0.221,0.221,0.3792,1.000
2.078,0.013,0.60,0.15,0.15,0.98,Run,0.222,0.222,0.3780,1.000
2.090,0.013,0.60,0.15,0.15,0.98,Run,0.223,0.223,0.3769,1.000
2.103,0.013,0.60,0.15,0.15,0.98,Run,0.224,0.224,0.3757,1.000
2.116,0.013,0.60,0.15,0.15,0.97,Run,0.225,0.225,0.3746,1.000
2.128,0.013,0.60,0.15,0.15,0.97,Run,0.227,0.227,0.3734,1.000
2.141,0.013,0.60,0.15,0.15,0.97,Run,0.228,0.228,0.3723,1.000
2.152,0.012,0.60,0.15,0.15,0.97,Run,0.229,0.229,0.3712,1.000
2.163,0.011,0.60,0.15,0.15,0.96,Run,0.230,0.230,0.3702,1.000
2.176,0.013,0.60,0.15,0.15,0.96,Run,0.231,0.231,0.3691,1.000
2.188,0.013,0.60,0.15,0.15,0.96,Run,0.232,0.232,0.3680,1.000
2.201,0.013,0.60,0.15,0.15,0.95,Run,0.233,0.233,0.3668,1.000
2.214,0.013,0.60,0.15,0.15,0.95,Run,0.234,0.234,0.3657,1.000
2.226,0.013,0.60,0.15,0.15,0.95,Run,0.235,0.235,0.3645,1.000
2.237,0.011,0.60,0.15,0.15,0.95,Run,0.236,0.236,0.3635,1.000
2.250,0.013,0.60,0.15,0.15,0.94,Run,0.238,0.238,0.3624,1.000
2.262,0.012,0.60,0.15,0.15,0.94,Run,0.239,0.239,0.3613,1.000
2.274,0.013,0.60,0.16,0.16,0.94,Run,0.240,0.240,0.3602,1.000
2.287,0.013,0.60,0.16,0.16,0.94,Run,0.241,0.241,0.3591,1.000
2.299,0.012,0.60,0.16,0.16,0.93,Run,0.242,0.242,0.3580,1.000
2.311,0.012,0.60,0.16,0.16,0.93,Run,0.243,0.243,0.3569,1.000
2.322,0.011,0.60,0.16,0.16,0.93,Run,0.244,0.244,0.3560,1.000
2.334,0.012,0.60,0.16,0.16,0.92,Run,0.245,0.245,0.3549,1.000
2.346,0.013,0.60,0.16,0.16,0.92,Run,0.246,0.246,0.3538,1.000
2.359,0.013,0.60,0.16,0.16,0.92,Run,0.247,0.247,0.3527,1.000
2.370,0.011,0.60,0.16,0.16,0.92,Run,0.248,0.248,0.3517,1.000
2.382,0.012,0.60,0.16,0.16,0.91,Run,0.249,0.249,0.3506,1.000
2.393,0.011,0.60,0.16,0.16,0.91,Run,0.250,0.250,0.3496,1.000
2.406,0.013,0.60,0.16,0.16,0.91,Run,0.251,0.251,0.3485,1.000
2.418,0.013,0.60,0.16,0.16,0.91,Run,0.253,0.253,0.3474,1.000
2.431,0.013,0.60,0.16,0.16,0.90,Run,0.254,0.254,0.3463,1.000
2.442,0.012,0.60,0.16,0.16,0.90,Run,0.255,0.255,0.3453,1.000
2.453,0.010,0.60,0.16,0.16,0.90,Run,0.256,0.256,0.3444,1.000
2.465,0.013,0.60,0.16,0.16,0.90,Run,0.257,0.257,0.3433,1.000
2.478,0.013,0.60,0.16,0.16,0.89,Run,0.258,0.258,0.3422,1.000
2.490,0.012,0.60,0.16,0.16,0.89,Run,0.259,0.259,0.3411,1.000
2.502,0.012,0.60,0.16,0.16,0.89,Run,0.260,0.260,0.3400,1.000
2.513,0.011,0.60,0.16,0.16,0.88,Run,0.261,0.261,0.3391,1.000
2.525,0.013,0.60,0.17,0.17,0.88,Run,0.262,0.262,0.3380,1.000
2.538,0.013,0.60,0.17,0.17,0.88,Run,0.263,0.263,0.3369,1.000
2.551,0.013,0.60,0.17,0.17,0.88,Run,0.264,0.264,0.3358,1.000
2.563,0.013,0.60,0.17,0.17,0.87,Run,0.265,0.265,0.3347,1.000
2.576,0.013,0.60,0.17,0.17,0.87,Run,0.266,0.266,0.3336,1.000
2.588,0.013,0.60,0.17,0.17,0.87,Run,0.267,0.267,0.3326,1.000
2.600,0.012,0.60,0.17,0.17,0.86,Run,0.268,0.268,0.3315,1.000
2.613,0.012,0.60,0.17,0.17,0.86,Run,0.270,0.270,0.3305,1.000
2.625,0.013,0.60,0.17,0.17,0.86,Run,0.271,0.271,0.3294,1.000
2.638,0.013,0.60,0.17,0.17,0.86,Run,0.272,0.272,0.3283,1.000
2.650,0.013,0.60,0.17,0.17,0.85,Run,0.273,0.273,0.3272,1.000
2.660,0.010,0.60,0.17,0.17,0.85,Run,0.274,0.274,0.3263,1.000
2.673,0.013,0.60,0.17,0.17,0.85,Run,0.275,0.275,0.3253,1.000
2.683,0.010,0.60,0.17,0.17,0.85,Run,0.276,0.276,0.3244,1.000
2.696,0.013,0.60,0.17,0.17,0.84,Run,0.277,0.277,0.3233,1.000
2.708,0.013,0.60,0.17,0.17,0.84,Run,0.278,0.278,0.3222,1.000
2.720,0.012,0.60,0.17,0.17,0.84,Run,0.279,0.279,0.3212,1.000
2.732,0.012,0.60,0.17,0.17,0.84,Run,0.280,0.280,0.3202,1.000
2.743,0.012,0.60,0.17,0.17,0.83,Run,0.281,0.281,0.3192,1.000
2.756,0.013,0.60,0.17,0.17,0.83,Run,0.282,0.282,0.3182,1.000
2.769,0.013,0.60,0.18,0.18,0.83,Run,0.283,0.283,0.3171,1.000
2.780,0.012,0.60,0.18,0.18,0.82,Run,0.284,0.284,0.3161,1.000
2.792,0.012,0.60,0.18,0.18,0.82,Run,0.285,0.285,0.3151,1.000
2.805,0.013,0.60,0.18,0.18,0.82,Run,0.286,0.286,0.3140,1.000
2.815,0.010,0.60,0.18,0.18,0.82,Run,0.287,0.287,0.3131,1.000
2.827,0.012,0.60,0.18,0.18,0.81,Run,0.288,0.288,0.3122,1.000
2.838,0.011,0.60,0.18,0.18,0.81,Run,0.289,0.289,0.3112,1.000
2.850,0.012,0.60,0.18,0.18,0.81,Run,0.290,0.290,0.3102,1.000
2.860,0.011,0.60,0.18,0.18,0.81,Run,0.291,0.291,0.3094,1.000
2.873,0.013,0.60,0.18,0.18,0.80,Run,0.292,0.292,0.3083,1.000
2.885,0.012,0.60,0.18,0.18,0.80,Run,0.293,0.293,0.3073,1.000
2.901,0.016,0.60,0.18,0.18,0.80,Run,0.294,0.294,0.3059,1.000
2.918,0.017,0.60,0.18,0.18,0.79,Run,0.296,0.296,0.3045,1.000
2.930,0.012,0.60,0.18,0.18,0.79,Run,0.297,0.297,0.3035,1.000
2.942,0.011,0.60,0.18,0.18,0.79,Run,0.297,0.297,0.3025,1.000
2.954,0.013,0.60,0.18,0.18,0.79,Run,0.299,0.299,0.3015,1.000
2.966,0.012,0.60,0.18,0.18,0.78,Run,0.300,0.300,0.3005,1.000
2.979,0.012,0.60,0.18,0.18,0.78,Run,0.301,0.301,0.2994,1.000
2.991,0.013,0.60,0.18,0.18,0.78,Run,0.302,0.302,0.2984,1.000
3.002,0.011,0.60,0.18,0.18,0.77,Run,0.303,0.303,0.2975,1.000
3.015,0.013,0.60,0.18,0.18,0.77,Run,0.304,0.304,0.2964,1.000
3.027,0.013,0.60,0.19,0.19,0.77,Run,0.305,0.305,0.2954,1.000
3.040,0.013,0.60,0.19,0.19,0.77,Run,0.306,0.306,0.2944,1.000
3.052,0.012,0.60,0.19,0.19,0.76,Run,0.307,0.307,0.2934,1.000
3.064,0.013,0.60,0.19,0.19,0.76,Run,0.308,0.308,0.2924,1.000
3.077,0.013,0.60,0.19,0.19,0.76,Run,0.309,0.309,0.2913,1.000
3.089,0.013,0.60,0.19,0.19,0.75,Run,0.310,0.310,0.2903,1.000
3.102,0.012,0.60,0.19,0.19,0.75,Run,0.311,0.311,0.2893,1.000
3.113,0.011,0.60,0.19,0.19,0.75,Run,0.312,0.312,0.2884,1.000
3.123,0.011,0.60,0.19,0.19,0.75,Run,0.312,0.312,0.2875,1.000
3.136,0.013,0.60,0.19,0.19,0.74,Run,0.314,0.314,0.2865,1.000
3.148,0.013,0.60,0.19,0.19,0.74,Run,0.315,0.315,0.2855,1.000
3.161,0.013,0.60,0.19,0.19,0.74,Run,0.316,0.316,0.2844,1.000
3.173,0.012,0.60,0.19,0.19,0.74,Run,0.317,0.317,0.2835,1.000
3.185,0.013,0.60,0.19,0.19,0.73,Run,0.318,0.318,0.2825,1.000
3.198,0.013,0.60,0.19,0.19,0.73,Run,0.319,0.319,0.2814,1.000
3.210,0.013,0.60,0.19,0.19,0.73,Run,0.320,0.320,0.2804,1.000
3.222,0.012,0.60,0.19,0.19,0.73,Run,0.321,0.321,0.2795,1.000
3.232,0.010,0.60,0.19,0.19,0.72,Run,0.321,0.321,0.2786,1.000
3.245,0.013,0.60,0.19,0.19,0.72,Run,0.322,0.322,0.2776,1.000
3.257,0.013,0.60,0.19,0.19,0.72,Run,0.323,0.323,0.2766,1.000
3.270,0.013,0.60,0.19,0.19,0.71,Run,0.324,0.324,0.2756,1.000
3.283,0.013,0.60,0.19,0.19,0.71,Run,0.325,0.325,0.2746,1.000
3.295,0.013,0.60,0.20,0.20,0.71,Run,0.326,0.326,0.2736,1.000
3.308,0.013,0.60,0.20,0.20,0.71,Run,0.327,0.327,0.2725,1.000
3.320,0.013,0.60,0.20,0.20,0.70,Run,0.328,0.328,0.2715,1.000
3.333,0.012,0.60,0.20,0.20,0.70,Run,0.329,0.329,0.2705,1.000
3.345,0.013,0.60,0.20,0.20,0.70,Run,0.330,0.330,0.2695,1.000
3.358,0.013,0.60,0.20,0.20,0.69,Run,0.331,0.331,0.2685,1.000
3.370,0.013,0.60,0.20,0.20,0.69,Run,0.332,0.332,0.2675,1.000
3.383,0.013,0.60,0.20,0.20,0.69,Run,0.333,0.333,0.2665,1.000
3.396,0.013,0.60,0.20,0.20,0.69,Run,0.334,0.334,0.2655,1.000
3.408,0.013,0.60,0.20,0.20,0.68,Run,0.336,0.336,0.2645,1.000
3.420,0.012,0.60,0.20,0.20,0.68,Run,0.336,0.336,0.2635,1.000
3.433,0.013,0.60,0.20,0.20,0.68,Run,0.337,0.337,0.2625,1.000
3.445,0.013,0.60,0.20,0.20,0.67,Run,0.338,0.338,0.2615,1.000
3.458,0.013,0.60,0.20,0.20,0.67,Run,0.339,0.339,0.2605,1.000
3.470,0.012,0.60,0.20,0.20,0.67,Run,0.340,0.340,0.2596,1.000
3.482,0.012,0.60,0.20,0.20,0.67,Run,0.341,0.341,0.2586,1.000
3.495,0.012,0.60,0.20,0.20,0.66,Run,0.342,0.342,0.2577,1.000
3.507,0.013,0.60,0.20,0.20,0.66,Run,0.343,0.343,0.2567,1.000
3.519,0.012,0.60,0.20,0.20,0.66,Run,0.344,0.344,0.2558,1.000
3.530,0.012,0.60,0.20,0.20,0.66,Run,0.345,0.345,0.2548,1.000
3.543,0.012,0.60,0.20,0.20,0.65,Run,0.346,0.346,0.2539,1.000
3.555,0.013,0.60,0.20,0.20,0.65,Run,0.347,0.347,0.2529,1.000
3.567,0.012,0.60,0.21,0.21,0.65,Run,0.348,0.348,0.2519,1.000
3.580,0.013,0.60,0.21,0.21,0.64,Run,0.349,0.349,0.2509,1.000
3.590,0.010,0.60,0.21,0.21,0.64,Run,0.350,0.350,0.2501,1.000
3.603,0.013,0.60,0.21,0.21,0.64,Run,0.351,0.351,0.2491,1.000
3.615,0.013,0.60,0.21,0.21,0.64,Run,0.352,0.352,0.2482,1.000
3.628,0.013,0.60,0.21,0.21,0.63,Run,0.353,0.353,0.2472,1.000
3.641,0.013,0.60,0.21,0.21,0.63,Run,0.354,0.354,0.2462,1.000
3.653,0.013,0.60,0.21,0.21,0.63,Run,0.355,0.355,0.2452,1.000
3.666,0.013,0.60,0.21,0.21,0.63,Run,0.356,0.356,0.2443,1.000
3.678,0.012,0.60,0.21,0.21,0.62,Run,0.357,0.357,0.2433,1.000
3.690,0.012,0.60,0.21,0.21,0.62,Run,0.358,0.358,0.2423,1.000
3.703,0.013,0.60,0.21,0.21,0.62,Run,0.359,0.359,0.2414,1.000
3.716,0.013,0.60,0.21,0.21,0.61,Run,0.360,0.360,0.2404,1.000
3.728,0.013,0.60,0.21,0.21,0.61,Run,0.361,0.361,0.2394,1.000
3.741,0.013,0.60,0.21,0.21,0.61,Run,0.362,0.362,0.2384,1.000
3.752,0.011,0.60,0.21,0.21,0.61,Run,0.362,0.362,0.2376,1.000
3.765,0.013,0.60,0.21,0.21,0.60,Run,0.363,0.363,0.2366,1.000
3.777,0.013,0.60,0.21,0.21,0.60,Run,0.364,0.364,0.2357,1.000
3.790,0.013,0.60,0.21,0.21,0.60,Run,0.365,0.365,0.2347,1.000
3.802,0.013,0.60,0.21,0.21,0.59,Run,0.366,0.366,0.2337,1.000
3.815,0.013,0.60,0.21,0.21,0.59,Run,0.367,0.367,0.2328,1.000
3.827,0.013,0.60,0.21,0.21,0.59,Run,0.368,0.368,0.2318,1.000
3.840,0.013,0.60,0.21,0.21,0.59,Run,0.369,0.369,0.2308,1.000
3.852,0.013,0.60,0.22,0.22,0.58,Run,0.370,0.370,0.2299,1.000
3.865,0.013,0.60,0.22,0.22,0.58,Run,0.371,0.371,0.2289,1.000
3.877,0.012,0.60,0.22,0.22,0.58,Run,0.372,0.372,0.2280,1.000
3.889,0.012,0.60,0.22,0.22,0.57,Run,0.373,0.373,0.2271,1.000
3.902,0.013,0.60,0.22,0.22,0.57,Run,0.374,0.374,0.2261,1.000
3.914,0.013,0.60,0.22,0.22,0.57,Run,0.375,0.375,0.2252,1.000
3.927,0.013,0.60,0.22,0.22,0.57,Run,0.376,0.376,0.2242,1.000
3.940,0.013,0.60,0.22,0.22,0.56,Run,0.377,0.377,0.2233,1.000
3.952,0.013,0.60,0.22,0.22,0.56,Run,0.378,0.378,0.2223,1.000
3.965,0.013,0.60,0.22,0.22,0.56,Run,0.379,0.379,0.2214,1.000
3.977,0.013,0.60,0.22,0.22,0.56,Run,0.380,0.380,0.2204,1.000
3.990,0.013,0.60,0.22,0.22,0.55,Run,0.381,0.381,0.2194,1.000
4.002,0.012,0.60,0.22,0.22,0.55,Run,0.381,0.381,0.2185,1.000
4.015,0.013,0.60,0.22,0.22,0.55,Run,0.382,0.382,0.2176,1.000
4.027,0.013,0.60,0.22,0.22,0.54,Run,0.383,0.383,0.2166,1.000
4.038,0.011,0.60,0.22,0.22,0.54,Run,0.384,0.384,0.2158,1.000
4.065,0.026,0.60,0.22,0.22,0.54,Run,0.386,0.386,0.2138,1.000
4.077,0.012,0.60,0.22,0.22,0.53,Run,0.387,0.387,0.2129,1.000
4.090,0.012,0.60,0.22,0.22,0.53,Run,0.388,0.388,0.2119,1.000
4.101,0.011,0.60,0.22,0.22,0.53,Run,0.389,0.389,0.2111,1.000
4.121,0.021,0.60,0.23,0.23,0.52,Run,0.390,0.390,0.2095,1.000
4.134,0.012,0.60,0.22,0.22,0.52,Run,0.391,0.391,0.2086,1.000
4.146,0.012,0.60,0.23,0.23,0.52,Run,0.392,0.392,0.2077,1.000
4.159,0.013,0.60,0.23,0.23,0.51,Run,0.393,0.393,0.2068,1.000
4.171,0.013,0.60,0.23,0.23,0.51,Run,0.394,0.394,0.2059,1.000
4.182,0.011,0.60,0.23,0.23,0.51,Run,0.395,0.395,0.2051,1.000
4.192,0.010,0.60,0.23,0.23,0.51,Run,0.396,0.396,0.2043,1.000
4.205,0.013,0.60,0.23,0.23,0.50,Run,0.397,0.397,0.2034,1.000
4.219,0.014,0.60,0.23,0.23,0.50,Run,0.398,0.398,0.2024,1.000
4.230,0.012,0.60,0.23,0.23,0.50,Run,0.398,0.398,0.2015,1.000
4.242,0.012,0.60,0.23,0.23,0.50,Run,0.399,0.399,0.2006,1.000
4.255,0.013,0.60,0.23,0.23,0.49,Run,0.400,0.400,0.1997,1.000
4.265,0.010,0.60,0.23,0.23,0.49,Run,0.401,0.401,0.1990,1.000
4.278,0.013,0.60,0.23,0.23,0.49,Run,0.402,0.402,0.1981,1.000
4.290,0.013,0.60,0.23,0.23,0.48,Run,0.403,0.403,0.1971,1.000
4.303,0.012,0.60,0.23,0.23,0.48,Run,0.404,0.404,0.1962,1.000
4.314,0.012,0.60,0.23,0.23,0.48,Run,0.405,0.405,0.1954,1.000
4.327,0.013,0.60,0.23,0.23,0.48,Run,0.406,0.406,0.1945,1.000
4.339,0.013,0.60,0.23,0.23,0.47,Run,0.406,0.406,0.1936,1.000
4.350,0.011,0.60,0.23,0.23,0.47,Run,0.407,0.407,0.1928,1.000
4.361,0.010,0.60,0.23,0.23,0.47,Run,0.408,0.408,0.1920,1.000
4.373,0.013,0.60,0.23,0.23,0.47,Run,0.409,0.409,0.1911,1.000
4.385,0.012,0.60,0.23,0.23,0.46,Run,0.410,0.410,0.1902,1.000
4.398,0.013,0.60,0.23,0.23,0.46,Run,0.411,0.411,0.1893,1.000
4.410,0.012,0.60,0.23,0.23,0.46,Run,0.412,0.412,0.1884,1.000
4.420,0.010,0.60,0.23,0.23,0.46,Run,0.412,0.412,0.1877,1.000
4.433,0.012,0.60,0.24,0.24,0.45,Run,0.413,0.413,0.1868,1.000
4.444,0.012,0.60,0.24,0.24,0.45,Run,0.414,0.414,0.1860,1.000
4.457,0.012,0.60,0.24,0.24,0.45,Run,0.415,0.415,0.1851,1.000
4.469,0.012,0.60,0.24,0.24,0.44,Run,0.416,0.416,0.1842,1.000
4.482,0.013,0.60,0.24,0.24,0.44,Run,0.417,0.417,0.1833,1.000
4.494,0.013,0.60,0.24,0.24,0.44,Run,0.418,0.418,0.1824,1.000
4.507,0.013,0.60,0.24,0.24,0.44,Run,0.419,0.419,0.1815,1.000
4.519,0.012,0.60,0.24,0.24,0.43,Run,0.419,0.419,0.1806,1.000
4.531,0.013,0.60,0.24,0.24,0.43,Run,0.420,0.420,0.1797,1.000
4.544,0.012,0.60,0.24,0.24,0.43,Run,0.421,0.421,0.1788,1.000
4.556,0.013,0.60,0.24,0.24,0.42,Run,0.422,0.422,0.1779,1.000
4.569,0.013,0.60,0.24,0.24,0.42,Run,0.423,0.423,0.1770,1.000
4.581,0.013,0.60,0.24,0.24,0.42,Run,0.424,0.424,0.1761,1.000
4.593,0.012,0.60,0.24,0.24,0.42,Run,0.425,0.425,0.1753,1.000
4.605,0.013,0.60,0.24,0.24,0.41,Run,0.426,0.426,0.1744,1.000
4.618,0.013,0.60,0.24,0.24,0.41,Run,0.426,0.426,0.1735,1.000
4.631,0.013,0.60,0.24,0.24,0.41,Run,0.427,0.427,0.1726,1.000
4.643,0.013,0.60,0.24,0.24,0.41,Run,0.428,0.428,0.1718,1.000
4.656,0.013,0.60,0.24,0.24,0.40,Run,0.429,0.429,0.1709,1.000
4.668,0.013,0.60,0.24,0.24,0.40,Run,0.430,0.430,0.1700,1.000
4.681,0.013,0.60,0.24,0.24,0.40,Run,0.431,0.431,0.1691,1.000
4.693,0.013,0.60,0.24,0.24,0.39,Run,0.432,0.432,0.1682,1.000
4.706,0.013,0.60,0.24,0.24,0.39,Run,0.433,0.433,0.1673,1.000
4.718,0.013,0.60,0.24,0.24,0.39,Run,0.434,0.434,0.1664,1.000
4.731,0.013,0.60,0.25,0.25,0.39,Run,0.434,0.434,0.1656,1.000
4.744,0.013,0.60,0.25,0.25,0.38,Run,0.435,0.435,0.1647,1.000
4.756,0.013,0.60,0.25,0.25,0.38,Run,0.436,0.436,0.1638,1.000
4.768,0.012,0.60,0.25,0.25,0.38,Run,0.437,0.437,0.1629,1.000
4.780,0.012,0.60,0.25,0.25,0.37,Run,0.438,0.438,0.1621,1.000
4.792,0.012,0.60,0.25,0.25,0.37,Run,0.439,0.439,0.1613,1.000
4.805,0.013,0.60,0.25,0.25,0.37,Run,0.440,0.440,0.1604,1.000
4.817,0.013,0.60,0.25,0.25,0.37,Run,0.440,0.440,0.1595,1.000
4.830,0.013,0.60,0.25,0.25,0.36,Run,0.441,0.441,0.1586,1.000
4.840,0.010,0.60,0.25,0.25,0.36,Run,0.442,0.442,0.1579,1.000
4.853,0.013,0.60,0.25,0.25,0.36,Run,0.443,0.443,0.1570,1.000
4.866,0.013,0.60,0.25,0.25,0.36,Run,0.444,0.444,0.1562,1.000
4.878,0.012,0.60,0.25,0.25,0.35,Run,0.445,0.445,0.1553,1.000
4.890,0.012,0.60,0.25,0.25,0.35,Run,0.445,0.445,0.1545,1.000
4.900,0.011,0.60,0.25,0.25,0.35,Run,0.446,0.446,0.1538,1.000
4.912,0.011,0.60,0.25,0.25,0.34,Run,0.447,0.447,0.1530,1.000
4.923,0.011,0.60,0.25,0.25,0.34,Run,0.448,0.448,0.1522,1.000
4.935,0.013,0.60,0.25,0.25,0.34,Run,0.449,0.449,0.1513,1.000
4.948,0.013,0.60,0.25,0.25,0.34,Run,0.450,0.450,0.1505,1.000
4.960,0.012,0.60,0.25,0.25,0.33,Run,0.450,0.450,0.1496,1.000
4.973,0.013,0.60,0.25,0.25,0.33,Run,0.451,0.451,0.1488,1.000
4.986,0.013,0.60,0.25,0.25,0.33,Run,0.452,0.452,0.1479,1.000
4.998,0.013,0.60,0.25,0.25,0.33,Run,0.453,0.453,0.1470,1.000
5.010,0.012,0.60,0.25,0.25,0.32,Run,0.454,0.454,0.1462,1.000
5.022,0.012,0.60,0.25,0.25,0.32,Run,0.455,0.455,0.1454,1.000
5.035,0.013,0.60,0.25,0.25,0.32,Run,0.455,0.455,0.1445,1.000
5.047,0.013,0.60,0.26,0.26,0.31,Run,0.456,0.456,0.1437,1.000
5.060,0.013,0.60,0.26,0.26,0.31,Run,0.457,0.457,0.1428,1.000
5.073,0.013,0.60,0.26,0.26,0.31,Run,0.458,0.458,0.1419,1.000
5.085,0.013,0.60,0.26,0.26,0.31,Run,0.459,0.459,0.1411,1.000
5.098,0.013,0.60,0.26,0.26,0.30,Run,0.460,0.460,0.1402,1.000
5.110,0.013,0.60,0.26,0.26,0.30,Run,0.461,0.461,0.1394,1.000
5.120,0.010,0.60,0.26,0.26,0.30,Run,0.461,0.461,0.1387,1.000
5.133,0.013,0.60,0.26,0.26,0.30,Run,0.462,0.462,0.1379,1.000
5.145,0.013,0.60,0.26,0.26,0.29,Run,0.463,0.463,0.1370,1.000
5.158,0.013,0.60,0.26,0.26,0.29,Run,0.464,0.464,0.1362,1.000
5.170,0.012,0.60,0.26,0.26,0.29,Run,0.465,0.465,0.1353,1.000
5.182,0.011,0.60,0.26,0.26,0.28,Run,0.465,0.465,0.1346,1.000
5.194,0.013,0.60,0.26,0.26,0.28,Run,0.466,0.466,0.1337,1.000
5.207,0.013,0.60,0.26,0.26,0.28,Run,0.467,0.467,0.1329,1.000
5.219,0.012,0.60,0.26,0.26,0.28,Run,0.468,0.468,0.1321,1.000
5.230,0.011,0.60,0.26,0.26,0.27,Run,0.469,0.469,0.1313,1.000
5.243,0.013,0.60,0.26,0.26,0.27,Run,0.470,0.470,0.1305,1.000
5.253,0.011,0.60,0.26,0.26,0.27,Run,0.470,0.470,0.1298,1.000
5.266,0.013,0.60,0.26,0.26,0.27,Run,0.471,0.471,0.1289,1.000
5.279,0.013,0.60,0.26,0.26,0.26,Run,0.472,0.472,0.1281,1.000
5.291,0.013,0.60,0.26,0.26,0.26,Run,0.473,0.473,0.1272,1.000
5.302,0.010,0.60,0.26,0.26,0.26,Run,0.473,0.473,0.1265,1.000
5.314,0.013,0.60,0.26,0.26,0.25,Run,0.474,0.474,0.1257,1.000
5.327,0.013,0.60,0.26,0.26,0.25,Run,0.475,0.475,0.1249,1.000
5.339,0.013,0.60,0.00,0.00,0.25,EmergencyBrake,0.468,0.468,0.1323,1.000
5.350,0.011,0.60,0.00,0.00,0.25,EmergencyBrake,0.461,0.461,0.1387,1.000
5.363,0.013,0.60,0.00,0.00,0.24,EmergencyBrake,0.454,0.454,0.1459,1.000
5.375,0.013,0.60,0.00,0.00,0.24,EmergencyBrake,0.447,0.447,0.1529,1.000
5.388,0.013,0.60,0.00,0.00,0.24,EmergencyBrake,0.440,0.440,0.1599,1.000
5.401,0.013,0.60,0.00,0.00,0.23,EmergencyBrake,0.433,0.433,0.1667,1.000
5.413,0.013,0.60,0.00,0.00,0.23,EmergencyBrake,0.427,0.427,0.1735,1.000
5.426,0.013,0.60,0.00,0.00,0.23,EmergencyBrake,0.420,0.420,0.1801,1.000
5.438,0.013,0.60,0.00,0.00,0.23,EmergencyBrake,0.413,0.413,0.1867,1.000
5.450,0.012,0.60,0.00,0.00,0.22,EmergencyBrake,0.407,0.407,0.1929,1.000
5.463,0.013,0.60,0.00,0.00,0.22,EmergencyBrake,0.401,0.401,0.1992,1.000
5.475,0.013,0.60,0.00,0.00,0.22,EmergencyBrake,0.395,0.395,0.2055,1.000
5.488,0.013,0.60,0.00,0.00,0.22,EmergencyBrake,0.388,0.388,0.2116,1.000
5.500,0.012,0.60,0.00,0.00,0.21,EmergencyBrake,0.382,0.382,0.2175,1.000
5.513,0.013,0.60,0.00,0.00,0.21,EmergencyBrake,0.377,0.377,0.2235,1.000
5.523,0.010,0.60,0.00,0.00,0.21,EmergencyBrake,0.372,0.372,0.2282,1.000
5.536,0.013,0.60,0.00,0.00,0.20,EmergencyBrake,0.366,0.366,0.2340,1.000
5.548,0.013,0.60,0.00,0.00,0.20,EmergencyBrake,0.360,0.360,0.2397,1.000
5.561,0.013,0.60,0.00,0.00,0.20,EmergencyBrake,0.355,0.355,0.2453,1.000
5.573,0.013,0.60,0.00,0.00,0.20,EmergencyBrake,0.349,0.349,0.2508,1.000
5.586,0.012,0.60,0.00,0.00,0.19,EmergencyBrake,0.344,0.344,0.2562,1.000
5.597,0.011,0.60,0.00,0.00,0.19,EmergencyBrake,0.339,0.339,0.2610,1.000
5.609,0.013,0.60,0.00,0.00,0.19,EmergencyBrake,0.334,0.334,0.2662,1.000
5.620,0.011,0.60,0.00,0.00,0.19,EmergencyBrake,0.329,0.329,0.2708,1.000
5.633,0.013,0.60,0.00,0.00,0.18,EmergencyBrake,0.324,0.324,0.2759,1.000
5.645,0.012,0.60,0.00,0.00,0.18,EmergencyBrake,0.319,0.319,0.2809,1.000
5.658,0.013,0.60,0.00,0.00,0.18,EmergencyBrake,0.314,0.314,0.2859,1.000
5.670,0.012,0.60,0.00,0.00,0.17,EmergencyBrake,0.309,0.309,0.2907,1.000
5.683,0.013,0.60,0.00,0.00,0.17,EmergencyBrake,0.304,0.304,0.2956,1.000
5.695,0.013,0.60,0.00,0.00,0.17,EmergencyBrake,0.300,0.300,0.3003,1.000
5.708,0.013,0.60,0.00,0.00,0.17,EmergencyBrake,0.295,0.295,0.3050,1.000
5.720,0.013,0.60,0.00,0.00,0.16,EmergencyBrake,0.290,0.290,0.3096,1.000
5.733,0.012,0.60,0.00,0.00,0.16,EmergencyBrake,0.286,0.286,0.3140,1.000
5.745,0.013,0.60,0.00,0.00,0.16,EmergencyBrake,0.282,0.282,0.3185,1.000
5.758,0.012,0.60,0.00,0.00,0.15,EmergencyBrake,0.277,0.277,0.3227,1.000
5.770,0.013,0.60,0.00,0.00,0.15,EmergencyBrake,0.273,0.273,0.3270,1.000
5.783,0.013,0.60,0.00,0.00,0.15,EmergencyBrake,0.269,0.269,0.3313,1.000
5.794,0.012,0.60,0.00,0.00,0.15,EmergencyBrake,0.265,0.265,0.3351,1.000
5.807,0.013,0.60,0.00,0.00,0.14,EmergencyBrake,0.261,0.261,0.3393,1.000
5.819,0.013,0.60,0.00,0.00,0.14,EmergencyBrake,0.257,0.257,0.3433,1.000
5.832,0.013,0.60,0.00,0.00,0.14,EmergencyBrake,0.253,0.253,0.3473,1.000
5.844,0.012,0.60,0.00,0.00,0.14,EmergencyBrake,0.249,0.249,0.3511,1.000
5.855,0.011,0.60,0.00,0.00,0.13,EmergencyBrake,0.246,0.246,0.3544,1.000
5.867,0.013,0.60,0.00,0.00,0.13,EmergencyBrake,0.242,0.242,0.3582,1.000
5.880,0.013,0.60,0.00,0.00,0.13,EmergencyBrake,0.238,0.238,0.3620,1.000
5.890,0.011,0.60,0.00,0.00,0.12,EmergencyBrake,0.235,0.235,0.3651,1.000
5.903,0.013,0.60,0.00,0.00,0.12,EmergencyBrake,0.231,0.231,0.3688,1.000
5.916,0.013,0.60,0.00,0.00,0.12,EmergencyBrake,0.228,0.228,0.3724,1.000
5.928,0.013,0.60,0.00,0.00,0.12,EmergencyBrake,0.224,0.224,0.3759,1.000
5.940,0.012,0.60,0.00,0.00,0.11,EmergencyBrake,0.221,0.221,0.3793,1.000
5.953,0.013,0.60,0.00,0.00,0.11,EmergencyBrake,0.217,0.217,0.3828,1.000
5.965,0.012,0.60,0.00,0.00,0.11,EmergencyBrake,0.214,0.214,0.3861,1.000
5.978,0.013,0.60,0.00,0.00,0.11,EmergencyBrake,0.211,0.211,0.3894,1.000
5.989,0.011,0.60,0.00,0.00,0.10,EmergencyBrake,0.208,0.208,0.3923,1.000
6.000,0.012,0.60,0.00,0.00,0.10,EmergencyBrake,0.205,0.205,0.3953,1.000
6.011,0.011,0.60,0.00,0.00,0.10,EmergencyBrake,0.202,0.202,0.3981,1.000
6.024,0.013,0.60,0.00,0.00,0.10,EmergencyBrake,0.199,0.199,0.4013,1.000
6.037,0.013,0.60,0.00,0.00,0.10,EmergencyBrake,0.196,0.196,0.4044,1.000
6.049,0.013,0.60,0.00,0.00,0.10,EmergencyBrake,0.193,0.193,0.4074,1.000
6.060,0.011,0.60,0.00,0.00,0.10,EmergencyBrake,0.190,0.190,0.4101,1.000
6.073,0.013,0.60,0.00,0.00,0.10,EmergencyBrake,0.187,0.187,0.4130,1.000
6.085,0.012,0.60,0.00,0.00,0.10,EmergencyBrake,0.184,0.184,0.4158,1.000
6.095,0.011,0.60,0.00,0.00,0.10,EmergencyBrake,0.182,0.182,0.4182,1.000
6.108,0.013,0.60,0.00,0.00,0.10,EmergencyBrake,0.179,0.179,0.4211,1.000
6.119,0.011,0.60,0.00,0.00,0.10,EmergencyBrake,0.176,0.176,0.4236,1.000
6.132,0.013,0.60,0.00,0.00,0.10,EmergencyBrake,0.174,0.174,0.4264,1.000
6.145,0.013,0.60,0.00,0.00,0.10,EmergencyBrake,0.171,0.171,0.4291,1.000
6.157,0.013,0.60,0.00,0.00,0.10,EmergencyBrake,0.168,0.168,0.4317,1.000
6.170,0.013,0.60,0.00,0.00,0.10,EmergencyBrake,0.166,0.166,0.4344,1.000
6.182,0.013,0.60,0.00,0.00,0.10,EmergencyBrake,0.163,0.163,0.4369,1.000
6.195,0.013,0.60,0.00,0.00,0.10,EmergencyBrake,0.161,0.161,0.4395,1.000
6.208,0.013,0.60,0.00,0.00,0.10,EmergencyBrake,0.158,0.158,0.4420,1.000
6.220,0.013,0.60,0.00,0.00,0.10,EmergencyBrake,0.156,0.156,0.4445,1.000
6.230,0.010,0.60,0.00,0.00,0.10,EmergencyBrake,0.154,0.154,0.4464,1.000
6.243,0.013,0.60,0.00,0.00,0.10,EmergencyBrake,0.151,0.151,0.4488,1.000
6.255,0.012,0.60,0.00,0.00,0.10,EmergencyBrake,0.149,0.149,0.4510,1.000
6.267,0.013,0.60,0.00,0.00,0.10,EmergencyBrake,0.147,0.147,0.4534,1.000
6.279,0.011,0.60,0.00,0.00,0.10,EmergencyBrake,0.145,0.145,0.4554,1.000
6.290,0.012,0.60,0.00,0.00,0.10,EmergencyBrake,0.142,0.142,0.4575,1.000
6.303,0.013,0.60,0.00,0.00,0.10,EmergencyBrake,0.140,0.140,0.4598,1.000
6.314,0.012,0.60,0.00,0.00,0.10,EmergencyBrake,0.138,0.138,0.4618,1.000
6.327,0.013,0.60,0.00,0.00,0.10,EmergencyBrake,0.136,0.136,0.4639,1.000
6.339,0.012,0.60,0.00,0.00,0.10,EmergencyBrake,0.134,0.134,0.4659,1.000
6.351,0.013,0.60,0.00,0.00,0.10,EmergencyBrake,0.132,0.132,0.4680,1.000
6.362,0.010,0.60,0.00,0.00,0.10,EmergencyBrake,0.130,0.130,0.4697,1.000
6.374,0.013,0.60,0.00,0.00,0.10,EmergencyBrake,0.128,0.128,0.4717,1.000
6.387,0.013,0.60,0.00,0.00,0.10,EmergencyBrake,0.126,0.126,0.4737,1.000
6.399,0.012,0.60,0.00,0.00,0.10,EmergencyBrake,0.124,0.124,0.4756,1.000
6.412,0.013,0.60,0.00,0.00,0.10,EmergencyBrake,0.122,0.122,0.4776,1.000
6.424,0.013,0.60,0.00,0.00,0.10,EmergencyBrake,0.121,0.121,0.4795,1.000
6.437,0.013,0.60,0.00,0.00,0.10,EmergencyBrake,0.119,0.119,0.4814,1.000
6.449,0.012,0.60,0.00,0.00,0.10,EmergencyBrake,0.117,0.117,0.4831,1.000
6.460,0.012,0.60,0.00,0.00,0.10,EmergencyBrake,0.115,0.115,0.4848,1.000
6.473,0.013,0.60,0.00,0.00,0.10,EmergencyBrake,0.113,0.113,0.4866,1.000
6.485,0.013,0.60,0.00,0.00,0.10,EmergencyBrake,0.112,0.112,0.4884,1.000
6.498,0.013,0.60,0.00,0.00,0.10,EmergencyBrake,0.110,0.110,0.4901,1.000
6.510,0.012,0.60,0.00,0.00,0.10,EmergencyBrake,0.108,0.108,0.4918,1.000
6.523,0.013,0.60,0.00,0.00,0.10,EmergencyBrake,0.107,0.107,0.4935,1.000
6.536,0.013,0.60,0.00,0.00,0.10,EmergencyBrake,0.105,0.105,0.4951,1.000
6.548,0.013,0.60,0.00,0.00,0.10,EmergencyBrake,0.103,0.103,0.4968,1.000
6.560,0.012,0.60,0.00,0.00,0.10,EmergencyBrake,0.102,0.102,0.4983,1.000
6.573,0.013,0.60,0.00,0.00,0.10,EmergencyBrake,0.100,0.100,0.4999,1.000
6.586,0.013,0.60,0.00,0.00,0.10,EmergencyBrake,0.098,0.098,0.5015,1.000
6.598,0.013,0.60,0.00,0.00,0.10,EmergencyBrake,0.097,0.097,0.5030,1.000
6.610,0.012,0.60,0.00,0.00,0.10,EmergencyBrake,0.096,0.096,0.5045,1.000
6.623,0.013,0.60,0.00,0.00,0.10,EmergencyBrake,0.094,0.094,0.5060,1.000
6.635,0.012,0.60,0.00,0.00,0.10,EmergencyBrake,0.093,0.093,0.5074,1.000
6.647,0.013,0.60,0.00,0.00,0.10,EmergencyBrake,0.091,0.091,0.5088,1.000
6.660,0.013,0.60,0.00,0.00,0.10,EmergencyBrake,0.090,0.090,0.5102,1.000
6.670,0.010,0.60,0.00,0.00,0.10,EmergencyBrake,0.089,0.089,0.5114,1.000
6.683,0.013,0.60,0.00,0.00,0.10,EmergencyBrake,0.087,0.087,0.5128,1.000
6.696,0.013,0.60,0.00,0.00,0.10,EmergencyBrake,0.086,0.086,0.5141,1.000
6.708,0.013,0.60,0.00,0.00,0.10,EmergencyBrake,0.085,0.085,0.5155,1.000
6.720,0.012,0.60,0.00,0.00,0.10,EmergencyBrake,0.083,0.083,0.5168,1.000
6.733,0.013,0.60,0.00,0.00,0.10,EmergencyBrake,0.082,0.082,0.5181,1.000
6.744,0.011,0.60,0.00,0.00,0.10,EmergencyBrake,0.081,0.081,0.5192,1.000
6.756,0.013,0.60,0.00,0.00,0.10,EmergencyBrake,0.080,0.080,0.5204,1.000
6.770,0.014,0.60,0.00,0.00,0.10,EmergencyBrake,0.078,0.078,0.5218,1.000
6.781,0.011,0.60,0.00,0.00,0.10,EmergencyBrake,0.077,0.077,0.5229,1.000
6.794,0.013,0.60,0.00,0.00,0.10,EmergencyBrake,0.076,0.076,0.5241,1.000
6.807,0.013,0.60,0.00,0.00,0.10,EmergencyBrake,0.075,0.075,0.5253,1.000
6.820,0.013,0.60,0.00,0.00,0.10,EmergencyBrake,0.073,0.073,0.5265,1.000
6.831,0.011,0.60,0.00,0.00,0.10,EmergencyBrake,0.073,0.073,0.5275,1.000
6.846,0.015,0.60,0.00,0.00,0.10,EmergencyBrake,0.071,0.071,0.5288,1.000
6.859,0.013,0.60,0.00,0.00,0.10,EmergencyBrake,0.070,0.070,0.5300,1.000
6.871,0.013,0.60,0.00,0.00,0.10,EmergencyBrake,0.069,0.069,0.5311,1.000
6.882,0.010,0.60,0.00,0.00,0.10,EmergencyBrake,0.068,0.068,0.5320,1.000
6.893,0.011,0.60,0.00,0.00,0.10,EmergencyBrake,0.067,0.067,0.5329,1.000
6.905,0.013,0.60,0.00,0.00,0.10,EmergencyBrake,0.066,0.066,0.5340,1.000
6.918,0.012,0.60,0.00,0.00,0.10,EmergencyBrake,0.065,0.065,0.5350,1.000
6.930,0.013,0.60,0.00,0.00,0.10,EmergencyBrake,0.064,0.064,0.5360,1.000
6.940,0.010,0.60,0.00,0.00,0.10,EmergencyBrake,0.063,0.063,0.5368,1.000
6.953,0.013,0.60,0.00,0.00,0.10,EmergencyBrake,0.062,0.062,0.5378,1.000
6.965,0.013,0.60,0.00,0.00,0.10,EmergencyBrake,0.061,0.061,0.5387,1.000
6.978,0.013,0.60,0.00,0.00,0.10,EmergencyBrake,0.060,0.060,0.5397,1.000
6.990,0.012,0.60,0.00,0.00,0.10,EmergencyBrake,0.059,0.059,0.5406,1.000
7.003,0.013,0.60,0.00,0.00,0.10,EmergencyBrake,0.058,0.058,0.5415,1.000
7.015,0.013,0.60,0.00,0.00,0.10,EmergencyBrake,0.058,0.058,0.5424,1.000
7.028,0.013,0.60,0.00,0.00,0.10,EmergencyBrake,0.057,0.057,0.5433,1.000
7.040,0.012,0.60,0.00,0.00,0.10,EmergencyBrake,0.056,0.056,0.5442,1.000
7.053,0.012,0.60,0.00,0.00,0.10,EmergencyBrake,0.055,0.055,0.5451,1.000
7.065,0.013,0.60,0.00,0.00,0.10,EmergencyBrake,0.054,0.054,0.5459,1.000
7.078,0.013,0.60,0.00,0.00,0.10,EmergencyBrake,0.053,0.053,0.5468,1.000
7.090,0.012,0.60,0.00,0.00,0.10,EmergencyBrake,0.052,0.052,0.5476,1.000
7.103,0.013,0.60,0.00,0.00,0.10,EmergencyBrake,0.052,0.052,0.5484,1.000
7.114,0.011,0.60,0.00,0.00,0.10,EmergencyBrake,0.051,0.051,0.5491,1.000
7.126,0.013,0.60,0.00,0.00,0.10,EmergencyBrake,0.050,0.050,0.5499,1.000
7.139,0.013,0.60,0.00,0.00,0.10,EmergencyBrake,0.049,0.049,0.5507,1.000
7.150,0.011,0.60,0.00,0.00,0.10,EmergencyBrake,0.049,0.049,0.5514,1.000
7.163,0.013,0.60,0.00,0.00,0.10,EmergencyBrake,0.048,0.048,0.5521,1.000
7.175,0.013,0.60,0.00,0.00,0.10,EmergencyBrake,0.047,0.047,0.5529,1.000
7.188,0.013,0.60,0.00,0.00,0.10,EmergencyBrake,0.046,0.046,0.5536,1.000
7.200,0.012,0.60,0.00,0.00,0.10,EmergencyBrake,0.046,0.046,0.5543,1.000
7.213,0.013,0.60,0.00,0.00,0.10,EmergencyBrake,0.045,0.045,0.5550,1.000
7.223,0.011,0.60,0.00,0.00,0.10,EmergencyBrake,0.044,0.044,0.5556,1.000
7.236,0.013,0.60,0.00,0.00,0.10,EmergencyBrake,0.044,0.044,0.5563,1.000
7.249,0.013,0.60,0.00,0.00,0.10,EmergencyBrake,0.043,0.043,0.5570,1.000
7.260,0.012,0.60,0.00,0.00,0.10,EmergencyBrake,0.042,0.042,0.5576,1.000
7.273,0.013,0.60,0.00,0.00,0.10,EmergencyBrake,0.042,0.042,0.5583,1.000
7.285,0.013,0.60,0.00,0.00,0.10,EmergencyBrake,0.041,0.041,0.5589,1.000
7.296,0.010,0.60,0.00,0.00,0.10,EmergencyBrake,0.041,0.041,0.5594,1.000
7.306,0.010,0.60,0.00,0.00,0.10,EmergencyBrake,0.040,0.040,0.5600,1.000
7.318,0.013,0.60,0.00,0.00,0.10,EmergencyBrake,0.039,0.039,0.5606,1.000
7.330,0.012,0.60,0.00,0.00,0.10,EmergencyBrake,0.039,0.039,0.5612,1.000
7.341,0.011,0.60,0.00,0.00,0.10,EmergencyBrake,0.038,0.038,0.5617,1.000
7.353,0.012,0.60,0.00,0.00,0.10,EmergencyBrake,0.038,0.038,0.5623,1.000
7.366,0.013,0.60,0.00,0.00,0.10,EmergencyBrake,0.037,0.037,0.5629,1.000
7.379,0.013,0.60,0.00,0.00,0.10,EmergencyBrake,0.037,0.037,0.5634,1.000
7.390,0.011,0.60,0.00,0.00,0.10,EmergencyBrake,0.036,0.036,0.5640,1.000
7.400,0.011,0.60,0.00,0.00,0.10,EmergencyBrake,0.036,0.036,0.5644,1.000
7.413,0.013,0.60,0.00,0.00,0.10,EmergencyBrake,0.035,0.035,0.5650,1.000
7.423,0.011,0.60,0.00,0.00,0.10,EmergencyBrake,0.035,0.035,0.5654,1.000
7.436,0.013,0.60,0.00,0.00,0.10,EmergencyBrake,0.034,0.034,0.5660,1.000
7.449,0.013,0.60,0.00,0.00,0.10,EmergencyBrake,0.033,0.033,0.5665,1.000
7.461,0.013,0.60,0.00,0.00,0.10,EmergencyBrake,0.033,0.033,0.5670,1.000
7.474,0.012,0.60,0.00,0.00,0.10,EmergencyBrake,0.032,0.032,0.5675,1.000
7.486,0.013,0.60,0.00,0.00,0.10,EmergencyBrake,0.032,0.032,0.5680,1.000
7.499,0.013,0.60,0.00,0.00,0.10,EmergencyBrake,0.031,0.031,0.5685,1.000
7.511,0.013,0.60,0.00,0.00,0.10,EmergencyBrake,0.031,0.031,0.5690,1.000
7.524,0.013,0.60,0.00,0.00,0.10,EmergencyBrake,0.030,0.030,0.5695,1.000
7.536,0.013,0.60,0.00,0.00,0.10,EmergencyBrake,0.030,0.030,0.5700,1.000
7.549,0.013,0.60,0.00,0.00,0.10,EmergencyBrake,0.030,0.030,0.5705,1.000
7.560,0.011,0.60,0.00,0.00,0.10,EmergencyBrake,0.029,0.029,0.5709,1.000
7.573,0.013,0.60,0.00,0.00,0.10,EmergencyBrake,0.029,0.029,0.5713,1.000
7.585,0.013,0.60,0.00,0.00,0.10,EmergencyBrake,0.028,0.028,0.5718,1.000
7.598,0.013,0.60,0.00,0.00,0.10,EmergencyBrake,0.028,0.028,0.5722,1.000
7.611,0.013,0.60,0.00,0.00,0.10,EmergencyBrake,0.027,0.027,0.5726,1.000
7.621,0.011,0.60,0.00,0.00,0.10,EmergencyBrake,0.027,0.027,0.5730,1.000
7.633,0.012,0.60,0.00,0.00,0.10,EmergencyBrake,0.027,0.027,0.5734,1.000
7.646,0.013,0.60,0.00,0.00,0.10,EmergencyBrake,0.026,0.026,0.5738,1.000
7.658,0.013,0.60,0.00,0.00,0.10,EmergencyBrake,0.026,0.026,0.5742,1.000
7.669,0.011,0.60,0.00,0.00,0.10,EmergencyBrake,0.025,0.025,0.5746,1.000
7.682,0.013,0.60,0.00,0.00,0.10,EmergencyBrake,0.025,0.025,0.5750,1.000
7.695,0.013,0.60,0.00,0.00,0.10,EmergencyBrake,0.025,0.025,0.5754,1.000
7.707,0.012,0.60,0.00,0.00,0.10,EmergencyBrake,0.024,0.024,0.5757,1.000
7.717,0.011,0.60,0.00,0.00,0.10,EmergencyBrake,0.024,0.024,0.5761,1.000
7.730,0.013,0.60,0.00,0.00,0.10,EmergencyBrake,0.024,0.024,0.5764,1.000
7.740,0.010,0.60,0.00,0.00,0.10,EmergencyBrake,0.023,0.023,0.5767,1.000
7.752,0.012,0.60,0.00,0.00,0.10,EmergencyBrake,0.023,0.023,0.5771,1.000
7.764,0.013,0.60,0.00,0.00,0.10,EmergencyBrake,0.023,0.023,0.5774,1.000
7.777,0.013,0.60,0.00,0.00,0.10,EmergencyBrake,0.022,0.022,0.5778,1.000
7.790,0.013,0.60,0.00,0.00,0.10,EmergencyBrake,0.022,0.022,0.5781,1.000
7.800,0.011,0.60,0.00,0.00,0.10,EmergencyBrake,0.022,0.022,0.5784,1.000
7.812,0.012,0.60,0.00,0.00,0.10,EmergencyBrake,0.021,0.021,0.5787,1.000
7.824,0.013,0.60,0.00,0.00,0.10,EmergencyBrake,0.021,0.021,0.5791,1.000
7.837,0.013,0.60,0.00,0.00,0.10,EmergencyBrake,0.021,0.021,0.5794,1.000
7.849,0.013,0.60,0.00,0.00,0.10,EmergencyBrake,0.020,0.020,0.5797,1.000
7.862,0.012,0.60,0.00,0.00,0.10,EmergencyBrake,0.020,0.020,0.5800,1.000
7.874,0.013,0.60,0.00,0.00,0.10,EmergencyBrake,0.020,0.020,0.5803,1.000
7.887,0.013,0.60,0.00,0.00,0.10,EmergencyBrake,0.019,0.019,0.5806,1.000
7.900,0.013,0.60,0.00,0.00,0.10,EmergencyBrake,0.019,0.019,0.5809,1.000
7.910,0.011,0.60,0.00,0.00,0.10,EmergencyBrake,0.019,0.019,0.5812,1.000
7.922,0.012,0.60,0.00,0.00,0.10,EmergencyBrake,0.019,0.019,0.5815,1.000
7.934,0.012,0.60,0.00,0.00,0.10,EmergencyBrake,0.018,0.018,0.5818,1.000
7.947,0.013,0.60,0.00,0.00,0.10,EmergencyBrake,0.018,0.018,0.5820,1.000
7.960,0.013,0.60,0.00,0.00,0.10,EmergencyBrake,0.018,0.018,0.5823,1.000
7.972,0.012,0.60,0.00,0.00,0.10,EmergencyBrake,0.017,0.017,0.5826,1.000
7.982,0.010,0.60,0.00,0.00,0.10,EmergencyBrake,0.017,0.017,0.5828,1.000
7.995,0.013,0.60,0.00,0.00,0.10,EmergencyBrake,0.017,0.017,0.5831,1.000
8.007,0.013,0.60,0.00,0.00,0.10,EmergencyBrake,0.017,0.017,0.5833,1.000
8.020,0.013,0.60,0.00,0.00,0.10,EmergencyBrake,0.016,0.016,0.5836,1.000
8.033,0.013,0.60,0.00,0.00,0.10,EmergencyBrake,0.016,0.016,0.5839,1.000
8.045,0.013,0.60,0.00,0.00,0.10,EmergencyBrake,0.016,0.016,0.5841,1.000
8.058,0.013,0.60,0.00,0.00,0.10,EmergencyBrake,0.016,0.016,0.5844,1.000
8.070,0.013,0.60,0.00,0.00,0.10,EmergencyBrake,0.015,0.015,0.5846,1.000
8.082,0.012,0.60,0.00,0.00,0.10,EmergencyBrake,0.015,0.015,0.5848,1.000
8.095,0.013,0.60,0.00,0.00,0.10,EmergencyBrake,0.015,0.015,0.5851,1.000
8.107,0.013,0.60,0.00,0.00,0.10,EmergencyBrake,0.015,0.015,0.5853,1.000
8.118,0.011,0.60,0.00,0.00,0.10,EmergencyBrake,0.014,0.014,0.5855,1.000
8.131,0.013,0.60,0.00,0.00,0.10,EmergencyBrake,0.014,0.014,0.5857,1.000
8.144,0.013,0.60,0.00,0.00,0.10,EmergencyBrake,0.014,0.014,0.5860,1.000
8.156,0.013,0.60,0.00,0.00,0.10,EmergencyBrake,0.014,0.014,0.5862,1.000
8.169,0.013,0.60,0.00,0.00,0.10,EmergencyBrake,0.014,0.014,0.5864,1.000
8.181,0.013,0.60,0.00,0.00,0.10,EmergencyBrake,0.013,0.013,0.5866,1.000
8.194,0.013,0.60,0.00,0.00,0.10,EmergencyBrake,0.013,0.013,0.5868,1.000
8.206,0.013,0.60,0.00,0.00,0.10,EmergencyBrake,0.013,0.013,0.5870,1.000
8.219,0.013,0.60,0.00,0.00,0.10,EmergencyBrake,0.013,0.013,0.5872,1.000
8.229,0.010,0.60,0.00,0.00,0.10,EmergencyBrake,0.013,0.013,0.5874,1.000
8.242,0.013,0.60,0.00,0.00,0.10,EmergencyBrake,0.012,0.012,0.5876,1.000
8.254,0.013,0.60,0.00,0.00,0.10,EmergencyBrake,0.012,0.012,0.5878,1.000
8.267,0.013,0.60,0.00,0.00,0.10,EmergencyBrake,0.012,0.012,0.5880,1.000
8.279,0.012,0.60,0.00,0.00,0.10,EmergencyBrake,0.012,0.012,0.5881,1.000
8.291,0.013,0.60,0.00,0.00,0.10,EmergencyBrake,0.012,0.012,0.5883,1.000
8.303,0.012,0.60,0.00,0.00,0.10,EmergencyBrake,0.012,0.012,0.5885,1.000
8.315,0.013,0.60,0.00,0.00,0.10,EmergencyBrake,0.011,0.011,0.5887,1.000
8.328,0.013,0.60,0.00,0.00,0.10,EmergencyBrake,0.011,0.011,0.5888,1.000
8.341,0.013,0.60,0.00,0.00,0.10,EmergencyBrake,0.011,0.011,0.5890,1.000
8.352,0.012,0.60,0.00,0.00,0.10,EmergencyBrake,0.011,0.011,0.5892,1.000
8.362,0.010,0.60,0.00,0.00,0.10,EmergencyBrake,0.011,0.011,0.5893,1.000
8.375,0.013,0.60,0.00,0.00,0.10,EmergencyBrake,0.011,0.011,0.5895,1.000
8.388,0.013,0.60,0.00,0.00,0.10,EmergencyBrake,0.010,0.010,0.5896,1.000
8.399,0.011,0.60,0.00,0.00,0.10,EmergencyBrake,0.010,0.010,0.5898,1.000
8.411,0.012,0.60,0.00,0.00,0.10,EmergencyBrake,0.010,0.010,0.5899,1.000
8.423,0.013,0.60,0.00,0.00,0.10,EmergencyBrake,0.010,0.010,0.5901,1.000
8.436,0.013,0.60,0.00,0.00,0.10,EmergencyBrake,0.010,0.010,0.5903,1.000
8.447,0.011,0.60,0.00,0.00,0.10,EmergencyBrake,0.010,0.010,0.5904,1.000
8.459,0.013,0.60,0.00,0.00,0.10,EmergencyBrake,0.009,0.009,0.5905,1.000
8.469,0.010,0.60,0.00,0.00,0.10,EmergencyBrake,0.009,0.009,0.5907,1.000
8.480,0.011,0.60,0.00,0.00,0.10,EmergencyBrake,0.009,0.009,0.5908,1.000
8.493,0.013,0.60,0.00,0.00,0.10,EmergencyBrake,0.009,0.009,0.5909,1.000
8.505,0.013,0.60,0.00,0.00,0.10,EmergencyBrake,0.009,0.009,0.5911,1.000
8.518,0.013,0.60,0.00,0.00,0.10,EmergencyBrake,0.009,0.009,0.5912,1.000
8.530,0.012,0.60,0.00,0.00,0.10,EmergencyBrake,0.009,0.009,0.5913,1.000
8.543,0.013,0.60,0.00,0.00,0.10,EmergencyBrake,0.009,0.009,0.5915,1.000
8.555,0.013,0.60,0.00,0.00,0.10,EmergencyBrake,0.008,0.008,0.5916,1.000
8.568,0.013,0.60,0.00,0.00,0.10,EmergencyBrake,0.008,0.008,0.5917,1.000
8.580,0.012,0.60,0.00,0.00,0.10,EmergencyBrake,0.008,0.008,0.5919,1.000
8.593,0.013,0.60,0.00,0.00,0.10,EmergencyBrake,0.008,0.008,0.5920,1.000
8.605,0.013,0.60,0.00,0.00,0.10,EmergencyBrake,0.008,0.008,0.5921,1.000
8.618,0.013,0.60,0.00,0.00,0.10,EmergencyBrake,0.008,0.008,0.5922,1.000
8.630,0.012,0.60,0.00,0.00,0.10,EmergencyBrake,0.008,0.008,0.5924,1.000
8.643,0.013,0.60,0.00,0.00,0.10,EmergencyBrake,0.008,0.008,0.5925,1.000
8.654,0.012,0.60,0.00,0.00,0.10,EmergencyBrake,0.007,0.007,0.5926,1.000
8.667,0.013,0.60,0.00,0.00,0.10,EmergencyBrake,0.007,0.007,0.5927,1.000
8.678,0.011,0.60,0.00,0.00,0.10,EmergencyBrake,0.007,0.007,0.5928,1.000
8.690,0.012,0.60,0.00,0.00,0.10,EmergencyBrake,0.007,0.007,0.5929,1.000
8.703,0.013,0.60,0.00,0.00,0.10,EmergencyBrake,0.007,0.007,0.5930,1.000
8.716,0.013,0.60,0.00,0.00,0.10,EmergencyBrake,0.007,0.007,0.5931,1.000
8.727,0.012,0.60,0.00,0.00,0.10,EmergencyBrake,0.007,0.007,0.5932,1.000
8.740,0.013,0.60,0.00,0.00,0.10,EmergencyBrake,0.007,0.007,0.5933,1.000
8.750,0.010,0.60,0.00,0.00,0.10,EmergencyBrake,0.007,0.007,0.5934,1.000
8.762,0.011,0.60,0.00,0.00,0.10,EmergencyBrake,0.006,0.006,0.5935,1.000
8.772,0.010,0.60,0.00,0.00,0.10,EmergencyBrake,0.006,0.006,0.5936,1.000
8.784,0.013,0.60,0.00,0.00,0.10,EmergencyBrake,0.006,0.006,0.5937,1.000
8.797,0.013,0.60,0.00,0.00,0.10,EmergencyBrake,0.006,0.006,0.5938,1.000
8.810,0.013,0.60,0.00,0.00,0.10,EmergencyBrake,0.006,0.006,0.5939,1.000
8.820,0.011,0.60,0.00,0.00,0.10,EmergencyBrake,0.006,0.006,0.5940,1.000
8.833,0.013,0.60,0.00,0.00,0.10,EmergencyBrake,0.006,0.006,0.5941,1.000
8.844,0.011,0.60,0.00,0.00,0.10,EmergencyBrake,0.006,0.006,0.5941,1.000
8.856,0.013,0.60,0.00,0.00,0.10,EmergencyBrake,0.006,0.006,0.5942,1.000
8.868,0.012,0.60,0.00,0.00,0.10,EmergencyBrake,0.006,0.006,0.5943,1.000
8.880,0.012,0.60,0.00,0.00,0.10,EmergencyBrake,0.006,0.006,0.5944,1.000
8.892,0.012,0.60,0.00,0.00,0.10,EmergencyBrake,0.006,0.006,0.5945,1.000
8.905,0.013,0.60,0.00,0.00,0.10,EmergencyBrake,0.005,0.005,0.5946,1.000
8.917,0.013,0.60,0.00,0.00,0.10,EmergencyBrake,0.005,0.005,0.5947,1.000
8.929,0.012,0.60,0.00,0.00,0.10,EmergencyBrake,0.005,0.005,0.5947,1.000
8.940,0.011,0.60,0.00,0.00,0.10,EmergencyBrake,0.005,0.005,0.5948,1.000
8.953,0.013,0.60,0.00,0.00,0.10,EmergencyBrake,0.005,0.005,0.5949,1.000
8.965,0.013,0.60,0.00,0.00,0.10,EmergencyBrake,0.005,0.005,0.5950,1.000
8.976,0.010,0.60,0.00,0.00,0.10,EmergencyBrake,0.005,0.005,0.5950,1.000
8.988,0.013,0.60,0.00,0.00,0.10,EmergencyBrake,0.005,0.005,0.5951,1.000
9.000,0.012,0.60,0.00,0.00,0.10,EmergencyBrake,0.005,0.005,0.5952,1.000
9.012,0.012,0.60,0.00,0.00,0.10,EmergencyBrake,0.005,0.005,0.5953,1.000
9.024,0.013,0.60,0.00,0.00,0.10,EmergencyBrake,0.005,0.005,0.5953,1.000
9.037,0.013,0.60,0.00,0.00,0.10,EmergencyBrake,0.005,0.005,0.5954,1.000
9.050,0.013,0.60,0.00,0.00,0.10,EmergencyBrake,0.005,0.005,0.5955,1.000
9.060,0.011,0.60,0.00,0.00,0.10,EmergencyBrake,0.004,0.004,0.5955,1.000
9.073,0.013,0.60,0.00,0.00,0.10,EmergencyBrake,0.004,0.004,0.5956,1.000
9.084,0.011,0.60,0.00,0.00,0.10,EmergencyBrake,0.004,0.004,0.5957,1.000
9.096,0.013,0.60,0.00,0.00,0.10,EmergencyBrake,0.004,0.004,0.5957,1.000
9.109,0.013,0.60,0.00,0.00,0.10,EmergencyBrake,0.004,0.004,0.5958,1.000
9.121,0.013,0.60,0.00,0.00,0.10,EmergencyBrake,0.004,0.004,0.5959,1.000
9.134,0.013,0.60,0.00,0.00,0.10,EmergencyBrake,0.004,0.004,0.5959,1.000
9.147,0.013,0.60,0.00,0.00,0.10,EmergencyBrake,0.004,0.004,0.5960,1.000
9.157,0.011,0.60,0.00,0.00,0.10,EmergencyBrake,0.004,0.004,0.5960,1.000
9.170,0.012,0.60,0.00,0.00,0.10,EmergencyBrake,0.004,0.004,0.5961,1.000
9.180,0.011,0.60,0.00,0.00,0.10,EmergencyBrake,0.004,0.004,0.5962,1.000
9.193,0.012,0.60,0.00,0.00,0.10,EmergencyBrake,0.004,0.004,0.5962,1.000
9.203,0.010,0.60,0.00,0.00,0.10,EmergencyBrake,0.004,0.004,0.5963,1.000
9.213,0.011,0.60,0.00,0.00,0.10,EmergencyBrake,0.004,0.004,0.5963,1.000
9.226,0.013,0.60,0.00,0.00,0.10,EmergencyBrake,0.004,0.004,0.5964,1.000
9.239,0.013,0.60,0.00,0.00,0.10,EmergencyBrake,0.004,0.004,0.5964,1.000
9.250,0.012,0.60,0.00,0.00,0.10,EmergencyBrake,0.004,0.004,0.5965,1.000
9.263,0.013,0.60,0.00,0.00,0.10,EmergencyBrake,0.003,0.003,0.5965,1.000
9.276,0.013,0.60,0.00,0.00,0.10,EmergencyBrake,0.003,0.003,0.5966,1.000
9.288,0.013,0.60,0.00,0.00,0.10,EmergencyBrake,0.003,0.003,0.5966,1.000
9.299,0.011,0.60,0.00,0.00,0.10,EmergencyBrake,0.003,0.003,0.5967,1.000
9.311,0.012,0.60,0.00,0.00,0.10,EmergencyBrake,0.003,0.003,0.5967,1.000
9.323,0.013,0.60,0.00,0.00,0.10,EmergencyBrake,0.003,0.003,0.5968,1.000
9.336,0.013,0.60,0.00,0.00,0.10,EmergencyBrake,0.003,0.003,0.5968,1.000
9.348,0.013,0.60,0.00,0.00,0.10,EmergencyBrake,0.003,0.003,0.5969,1.000
9.361,0.013,0.60,0.00,0.00,0.10,EmergencyBrake,0.003,0.003,0.5969,1.000
9.374,0.013,0.60,0.00,0.00,0.10,EmergencyBrake,0.003,0.003,0.5970,1.000
9.386,0.013,0.60,0.00,0.00,0.10,EmergencyBrake,0.003,0.003,0.5970,1.000
9.397,0.010,0.60,0.00,0.00,0.10,EmergencyBrake,0.003,0.003,0.5971,1.000
9.409,0.012,0.60,0.00,0.00,0.10,EmergencyBrake,0.003,0.003,0.5971,1.000
9.420,0.011,0.60,0.00,0.00,0.10,EmergencyBrake,0.003,0.003,0.5972,1.000
9.433,0.013,0.60,0.00,0.00,0.10,EmergencyBrake,0.003,0.003,0.5972,1.000
9.445,0.013,0.60,0.00,0.00,0.10,EmergencyBrake,0.003,0.003,0.5972,1.000
9.458,0.013,0.60,0.00,0.00,0.10,EmergencyBrake,0.003,0.003,0.5973,1.000
9.469,0.012,0.60,0.00,0.00,0.10,EmergencyBrake,0.003,0.003,0.5973,1.000
9.481,0.012,0.60,0.00,0.00,0.10,EmergencyBrake,0.003,0.003,0.5974,1.000
9.492,0.011,0.60,0.00,0.00,0.10,EmergencyBrake,0.003,0.003,0.5974,1.000
9.504,0.013,0.60,0.00,0.00,0.10,EmergencyBrake,0.003,0.003,0.5974,1.000
9.517,0.013,0.60,0.00,0.00,0.10,EmergencyBrake,0.003,0.003,0.5975,1.000
9.529,0.012,0.60,0.00,0.00,0.10,EmergencyBrake,0.002,0.002,0.5975,1.000
9.541,0.013,0.60,0.00,0.00,0.10,EmergencyBrake,0.002,0.002,0.5976,1.000
9.552,0.011,0.60,0.00,0.00,0.10,EmergencyBrake,0.002,0.002,0.5976,1.000
9.565,0.013,0.60,0.00,0.00,0.10,EmergencyBrake,0.002,0.002,0.5976,1.000
9.577,0.013,0.60,0.00,0.00,0.10,EmergencyBrake,0.002,0.002,0.5977,1.000
9.589,0.012,0.60,0.00,0.00,0.10,EmergencyBrake,0.002,0.002,0.5977,1.000
9.600,0.011,0.60,0.00,0.00,0.10,EmergencyBrake,0.002,0.002,0.5977,1.000
9.613,0.013,0.60,0.00,0.00,0.10,EmergencyBrake,0.002,0.002,0.5978,1.000
9.625,0.013,0.60,0.00,0.00,0.10,EmergencyBrake,0.002,0.002,0.5978,1.000
9.638,0.013,0.60,0.00,0.00,0.10,EmergencyBrake,0.002,0.002,0.5978,1.000
9.650,0.013,0.60,0.00,0.00,0.10,EmergencyBrake,0.002,0.002,0.5979,1.000
9.662,0.011,0.60,0.00,0.00,0.10,EmergencyBrake,0.002,0.002,0.5979,1.000
9.674,0.012,0.60,0.00,0.00,0.10,EmergencyBrake,0.002,0.002,0.5979,1.000
9.686,0.013,0.60,0.00,0.00,0.10,EmergencyBrake,0.002,0.002,0.5980,1.000
9.699,0.013,0.60,0.00,0.00,0.10,EmergencyBrake,0.002,0.002,0.5980,1.000
9.711,0.012,0.60,0.00,0.00,0.10,EmergencyBrake,0.002,0.002,0.5980,1.000
9.721,0.010,0.60,0.00,0.00,0.10,EmergencyBrake,0.002,0.002,0.5980,1.000
9.734,0.013,0.60,0.00,0.00,0.10,EmergencyBrake,0.002,0.002,0.5981,1.000
9.746,0.013,0.60,0.00,0.00,0.10,EmergencyBrake,0.002,0.002,0.5981,1.000
